-- phpMyAdmin SQL Dump
-- version 5.0.2
-- https://www.phpmyadmin.net/
--
-- Servidor: 127.0.0.1
-- Tiempo de generación: 24-09-2020 a las 08:41:46
-- Versión del servidor: 10.4.13-MariaDB
-- Versión de PHP: 7.4.7

SET SQL_MODE = "NO_AUTO_VALUE_ON_ZERO";
START TRANSACTION;
SET time_zone = "+00:00";


/*!40101 SET @OLD_CHARACTER_SET_CLIENT=@@CHARACTER_SET_CLIENT */;
/*!40101 SET @OLD_CHARACTER_SET_RESULTS=@@CHARACTER_SET_RESULTS */;
/*!40101 SET @OLD_COLLATION_CONNECTION=@@COLLATION_CONNECTION */;
/*!40101 SET NAMES utf8mb4 */;

--
-- Base de datos: `parkingsoft`
--

-- --------------------------------------------------------

--
-- Estructura de tabla para la tabla `bloque`
--

CREATE TABLE `bloque` (
  `id_bloque` int(11) NOT NULL,
  `fk_id_tp_vehiculo` int(11) DEFAULT NULL,
  `fk_id_tp_bloque` int(11) DEFAULT NULL,
  `numero_bloque` int(3) NOT NULL,
  `estado` bit(1) NOT NULL
) ENGINE=InnoDB DEFAULT CHARSET=utf8mb4;

-- --------------------------------------------------------

--
-- Estructura de tabla para la tabla `factura`
--

CREATE TABLE `factura` (
  `id_factura` int(11) NOT NULL,
  `pk_fk_num_documento` varchar(15) NOT NULL,
  `pk_fk_id_tp_documento` tinyint(3) NOT NULL,
  `fk_id_ticket` int(11) NOT NULL,
  `fk_id_membrecia` int(11) NOT NULL,
  `fk_id_metodo_pago` int(11) NOT NULL,
  `fecha` date NOT NULL,
  `valor_subtotal` float(9,3) NOT NULL,
  `valor_iva` float(9,3) NOT NULL,
  `valor_total` float(9,3) NOT NULL
) ENGINE=InnoDB DEFAULT CHARSET=utf8mb4;

-- --------------------------------------------------------

--
-- Estructura de tabla para la tabla `genero`
--

CREATE TABLE `genero` (
  `id_genero` tinyint(3) NOT NULL,
  `nom_genero` varchar(30) NOT NULL,
  `acronimo` varchar(4) DEFAULT NULL
) ENGINE=InnoDB DEFAULT CHARSET=utf8mb4;

--
-- Volcado de datos para la tabla `genero`
--

INSERT INTO `genero` (`id_genero`, `nom_genero`, `acronimo`) VALUES
(1, 'Masculino', 'M'),
(2, 'Femenino', 'F'),
(3, 'Otro', 'O');

-- --------------------------------------------------------

--
-- Estructura de tabla para la tabla `log_error`
--

CREATE TABLE `log_error` (
  `id_error` int(11) NOT NULL,
  `descripcion` text NOT NULL,
  `fecha` date NOT NULL,
  `hora` time NOT NULL
) ENGINE=InnoDB DEFAULT CHARSET=utf8mb4;

-- --------------------------------------------------------

--
-- Estructura de tabla para la tabla `membrecia`
--

CREATE TABLE `membrecia` (
  `id_membrecia` int(11) NOT NULL,
  `fk_num_documento` varchar(15) DEFAULT NULL,
  `fk_id_tp_documento` tinyint(3) DEFAULT NULL,
  `fk_id_membrecia` int(11) DEFAULT NULL,
  `fk_id_bloque` int(11) DEFAULT NULL,
  `fecha_inicio` date DEFAULT NULL,
  `fecha_fin` date DEFAULT NULL,
  `estado` bit(1) DEFAULT NULL
) ENGINE=InnoDB DEFAULT CHARSET=utf8mb4;

-- --------------------------------------------------------

--
-- Estructura de tabla para la tabla `metodo_pago`
--

CREATE TABLE `metodo_pago` (
  `id_metodo_pago` int(11) NOT NULL,
  `tipo_pago` varchar(25) NOT NULL
) ENGINE=InnoDB DEFAULT CHARSET=utf8mb4;

-- --------------------------------------------------------

--
-- Estructura de tabla para la tabla `notificaciones`
--

CREATE TABLE `notificaciones` (
  `id_notificacion` int(11) NOT NULL,
  `correo_electronico` varchar(80) NOT NULL,
  `sms` text NOT NULL
) ENGINE=InnoDB DEFAULT CHARSET=utf8mb4;

-- --------------------------------------------------------

--
-- Estructura de tabla para la tabla `persona_rol`
--

CREATE TABLE `persona_rol` (
  `pk_fk_num_documento` varchar(15) NOT NULL,
  `pk_fk_id_tp_documento` tinyint(3) NOT NULL,
  `pk_fk_id_rol` tinyint(3) NOT NULL,
  `estado` tinyint(1) NOT NULL
) ENGINE=InnoDB DEFAULT CHARSET=utf8mb4;

--
-- Volcado de datos para la tabla `persona_rol`
--

INSERT INTO `persona_rol` (`pk_fk_num_documento`, `pk_fk_id_tp_documento`, `pk_fk_id_rol`, `estado`) VALUES
('1', 1, 1, 0),
('1004415271', 2, 1, 0),
('1004415272', 1, 3, 0),
('1004415321', 1, 3, 0),
('1013375254', 1, 3, 0),
('1013567321', 1, 3, 0),
('1013567371', 1, 2, 0),
('1013678321', 1, 2, 0),
('1032456783', 1, 3, 0),
('103455463', 2, 2, 0),
('1243523E', 2, 3, 0),
('24E3156', 4, 3, 0),
('27278341', 1, 3, 0),
('27278956', 1, 2, 0),
('27278957', 2, 2, 0),
('3124678', 2, 3, 0),
('451E3157', 4, 3, 0),
('5271527', 1, 3, 0),
('7227451', 1, 3, 0),
('7321431', 2, 2, 0),
('8431321', 1, 2, 0);

-- --------------------------------------------------------

--
-- Estructura de tabla para la tabla `rol`
--

CREATE TABLE `rol` (
  `id_rol` tinyint(3) NOT NULL,
  `nombre_rol` varchar(30) NOT NULL
) ENGINE=InnoDB DEFAULT CHARSET=utf8mb4;

--
-- Volcado de datos para la tabla `rol`
--

INSERT INTO `rol` (`id_rol`, `nombre_rol`) VALUES
(1, 'Administrador'),
(2, 'Empleado'),
(3, 'Cliente');

-- --------------------------------------------------------

--
-- Estructura de tabla para la tabla `ticket`
--

CREATE TABLE `ticket` (
  `id_ticket` int(11) NOT NULL,
  `fk_num_documento` varchar(15) NOT NULL,
  `fk_id_tp_documento` tinyint(3) NOT NULL,
  `hora_entrada` timestamp NOT NULL DEFAULT current_timestamp() ON UPDATE current_timestamp(),
  `hora_salida` timestamp NULL DEFAULT NULL,
  `total_tiempo` timestamp NULL DEFAULT NULL
) ENGINE=InnoDB DEFAULT CHARSET=utf8mb4;

-- --------------------------------------------------------

--
-- Estructura de tabla para la tabla `ticket_bloque`
--

CREATE TABLE `ticket_bloque` (
  `pk_fk_id_ticket` int(11) NOT NULL,
  `pk_fk_id_bloque` int(11) NOT NULL
) ENGINE=InnoDB DEFAULT CHARSET=utf8mb4;

-- --------------------------------------------------------

--
-- Estructura de tabla para la tabla `tipo_bloque`
--

CREATE TABLE `tipo_bloque` (
  `id_tp_bloque` int(11) NOT NULL,
  `nombre_tp_bloque` varchar(40) NOT NULL
) ENGINE=InnoDB DEFAULT CHARSET=utf8mb4;

-- --------------------------------------------------------

--
-- Estructura de tabla para la tabla `tipo_documento`
--

CREATE TABLE `tipo_documento` (
  `id_tp_documento` tinyint(3) NOT NULL,
  `nom_tp_documento` varchar(40) NOT NULL,
  `acronimo_td` varchar(4) NOT NULL
) ENGINE=InnoDB DEFAULT CHARSET=utf8mb4;

--
-- Volcado de datos para la tabla `tipo_documento`
--

INSERT INTO `tipo_documento` (`id_tp_documento`, `nom_tp_documento`, `acronimo_td`) VALUES
(1, 'Cedula_Ciudadania', 'CC'),
(2, 'Cedula_Extranjeria', 'CE'),
(3, 'Tarjeta_Identidad', 'TI'),
(4, 'Pasaporte', 'PAS');

-- --------------------------------------------------------

--
-- Estructura de tabla para la tabla `tipo_membrecia`
--

CREATE TABLE `tipo_membrecia` (
  `id_membrecia` int(11) NOT NULL,
  `nom_membrecia` varchar(30) NOT NULL
) ENGINE=InnoDB DEFAULT CHARSET=utf8mb4;

-- --------------------------------------------------------

--
-- Estructura de tabla para la tabla `tipo_vehiculo`
--

CREATE TABLE `tipo_vehiculo` (
  `id_tp_vehiculo` int(11) NOT NULL,
  `nom_vehiculo` varchar(40) NOT NULL
) ENGINE=InnoDB DEFAULT CHARSET=utf8mb4;

--
-- Volcado de datos para la tabla `tipo_vehiculo`
--

INSERT INTO `tipo_vehiculo` (`id_tp_vehiculo`, `nom_vehiculo`) VALUES
(1, 'Triciclo'),
(2, 'Automovil');

-- --------------------------------------------------------

--
-- Estructura de tabla para la tabla `usuario`
--

CREATE TABLE `usuario` (
  `num_documento` varchar(15) NOT NULL,
  `pk_fk_id_tp_documento` tinyint(3) NOT NULL,
  `fk_id_genero` tinyint(3) NOT NULL,
  `nom_usuario` varchar(20) DEFAULT NULL,
  `prim_nom` varchar(30) NOT NULL,
  `seg_nombre` varchar(30) DEFAULT NULL,
  `prim_apellido` varchar(30) NOT NULL,
  `seg_apellido` varchar(30) DEFAULT NULL,
  `direccion` varchar(60) DEFAULT NULL,
  `telefono` varchar(15) DEFAULT NULL,
  `correo_electronico` varchar(80) NOT NULL,
  `nombre_img` varchar(40) DEFAULT NULL,
  `tipo_archivo` varchar(40) DEFAULT NULL,
  `foto_avatar` blob DEFAULT NULL,
  `contraseña` varchar(45) NOT NULL,
  `fecha_nacimiento` date DEFAULT NULL
) ENGINE=InnoDB DEFAULT CHARSET=utf8mb4;

--
-- Volcado de datos para la tabla `usuario`
--

INSERT INTO `usuario` (`num_documento`, `pk_fk_id_tp_documento`, `fk_id_genero`, `nom_usuario`, `prim_nom`, `seg_nombre`, `prim_apellido`, `seg_apellido`, `direccion`, `telefono`, `correo_electronico`, `nombre_img`, `tipo_archivo`, `foto_avatar`, `contraseña`, `fecha_nacimiento`) VALUES
('1', 1, 1, 'admin', 'administrador', '', 'administrador', '', NULL, NULL, 'admin@hotmail.com', NULL, NULL, NULL, 'd033e22ae348aeb5660fc2140aec35850c4da997', NULL),
('1004415271', 2, 1, 'Ericaso21', 'Eric', 'Santiago', 'Solarte', 'Gaviria', 'Calle 16 sur # 10-92', '3135487745', 'erick200_@hotmail.com', NULL, NULL, NULL, '4f93ff577447a197f152a6a923b9c976d0443f31', NULL),
('1004415272', 1, 1, 'Ericaso21', 'Erick', 'Santiago', 'Solarte', 'Gaviria', NULL, NULL, 'erick200_@hotmail.com', NULL, NULL, NULL, '223d2b8adaa937192dd00bc13b41d70dec61bf16', NULL),
('1004415321', 1, 2, 'Michel123', 'Michell', '', 'Morcillos', 'Ordoñes', NULL, NULL, 'michelm@gmail.com', NULL, NULL, NULL, '4b91a272dfb9fadb08769a012752c8070bcedc84', NULL),
('1013375254', 1, 2, 'Kathe123', 'Katherine', '', 'Morcillo', 'Ordoñes', NULL, NULL, 'kmorcillo@unicauca.edu.co', NULL, NULL, NULL, 'kathe123', NULL),
('1013567321', 1, 1, 'Sameterno', 'Michael', '', 'Cuervo ', 'Solarte', NULL, NULL, 'cuervo@gmail.com', NULL, NULL, NULL, 'a0b1f5fd97af1ab919f8e0f5442304b5aca8f83e', NULL),
('1013567371', 1, 1, 'Cavalero1', 'Carlos', 'Alberto', 'Valero', 'Peña', NULL, NULL, 'cavalero@gmial.com', NULL, NULL, NULL, 'carlos', NULL),
('1013678321', 1, 3, 'Cisfer1998', 'Cristian', 'Fernando', 'Solarte', 'Gaviria', NULL, NULL, 'cristian-solarte@gmail.com', NULL, NULL, NULL, 'b7dfb968f3f38d3094f5f1e44e1ec1f0110dca25', NULL),
('1032456783', 1, 2, 'Loren123', 'Lorena ', 'Caril', 'Carrillo', 'Gomez', NULL, NULL, 'loren312@hotmail.com', NULL, NULL, NULL, '220aae9fe969374a41688cf588244dcf85030082', NULL);
INSERT INTO `usuario` (`num_documento`, `pk_fk_id_tp_documento`, `fk_id_genero`, `nom_usuario`, `prim_nom`, `seg_nombre`, `prim_apellido`, `seg_apellido`, `direccion`, `telefono`, `correo_electronico`, `nombre_img`, `tipo_archivo`, `foto_avatar`, `contraseña`, `fecha_nacimiento`) VALUES
('103455463', 2, 2, NULL, 'Lorena', 'Morel', 'Horan', 'Molina', 'calle 35 # 4-66', '3145678909', 'loremol@gmail.com', 'fondo-azul-metalico-brillante-abstracto_', 'image/jpeg', 0xffd8ffe000104a46494600010100000100010000ffe20c584943435f50524f46494c4500010100000c484c696e6f021000006d6e74725247422058595a2007ce00020009000600310000616373704d5346540000000049454320735247420000000000000000000000000000f6d6000100000000d32d4850202000000000000000000000000000000000000000000000000000000000000000000000000000000000000000000000001163707274000001500000003364657363000001840000006c77747074000001f000000014626b707400000204000000147258595a00000218000000146758595a0000022c000000146258595a0000024000000014646d6e640000025400000070646d6464000002c400000088767565640000034c0000008676696577000003d4000000246c756d69000003f8000000146d6561730000040c0000002474656368000004300000000c725452430000043c0000080c675452430000043c0000080c625452430000043c0000080c7465787400000000436f70797269676874202863292031393938204865776c6574742d5061636b61726420436f6d70616e790000646573630000000000000012735247422049454336313936362d322e31000000000000000000000012735247422049454336313936362d322e31000000000000000000000000000000000000000000000000000000000000000000000000000000000000000000000000000058595a20000000000000f35100010000000116cc58595a200000000000000000000000000000000058595a200000000000006fa2000038f50000039058595a2000000000000062990000b785000018da58595a2000000000000024a000000f840000b6cf64657363000000000000001649454320687474703a2f2f7777772e6965632e636800000000000000000000001649454320687474703a2f2f7777772e6965632e63680000000000000000000000000000000000000000000000000000000000000000000000000000000000000000000064657363000000000000002e4945432036313936362d322e312044656661756c742052474220636f6c6f7572207370616365202d207352474200000000000000000000002e4945432036313936362d322e312044656661756c742052474220636f6c6f7572207370616365202d20735247420000000000000000000000000000000000000000000064657363000000000000002c5265666572656e63652056696577696e6720436f6e646974696f6e20696e2049454336313936362d322e3100000000000000000000002c5265666572656e63652056696577696e6720436f6e646974696f6e20696e2049454336313936362d322e31000000000000000000000000000000000000000000000000000076696577000000000013a4fe00145f2e0010cf140003edcc0004130b00035c9e0000000158595a2000000000004c09560050000000571fe76d6561730000000000000001000000000000000000000000000000000000028f0000000273696720000000004352542063757276000000000000040000000005000a000f00140019001e00230028002d00320037003b00400045004a004f00540059005e00630068006d00720077007c00810086008b00900095009a009f00a400a900ae00b200b700bc00c100c600cb00d000d500db00e000e500eb00f000f600fb01010107010d01130119011f0125012b01320138013e0145014c0152015901600167016e0175017c0183018b0192019a01a101a901b101b901c101c901d101d901e101e901f201fa0203020c0214021d0226022f02380241024b0254025d02670271027a0284028e029802a202ac02b602c102cb02d502e002eb02f50300030b03160321032d03380343034f035a03660372037e038a039603a203ae03ba03c703d303e003ec03f9040604130420042d043b0448045504630471047e048c049a04a804b604c404d304e104f004fe050d051c052b053a05490558056705770586059605a605b505c505d505e505f6060606160627063706480659066a067b068c069d06af06c006d106e306f507070719072b073d074f076107740786079907ac07bf07d207e507f8080b081f08320846085a086e0882089608aa08be08d208e708fb09100925093a094f09640979098f09a409ba09cf09e509fb0a110a270a3d0a540a6a0a810a980aae0ac50adc0af30b0b0b220b390b510b690b800b980bb00bc80be10bf90c120c2a0c430c5c0c750c8e0ca70cc00cd90cf30d0d0d260d400d5a0d740d8e0da90dc30dde0df80e130e2e0e490e640e7f0e9b0eb60ed20eee0f090f250f410f5e0f7a0f960fb30fcf0fec1009102610431061107e109b10b910d710f511131131114f116d118c11aa11c911e81207122612451264128412a312c312e31303132313431363138313a413c513e5140614271449146a148b14ad14ce14f01512153415561578159b15bd15e0160316261649166c168f16b216d616fa171d17411765178917ae17d217f7181b18401865188a18af18d518fa19201945196b199119b719dd1a041a2a1a511a771a9e1ac51aec1b141b3b1b631b8a1bb21bda1c021c2a1c521c7b1ca31ccc1cf51d1e1d471d701d991dc31dec1e161e401e6a1e941ebe1ee91f131f3e1f691f941fbf1fea20152041206c209820c420f0211c2148217521a121ce21fb22272255228222af22dd230a23382366239423c223f0241f244d247c24ab24da250925382568259725c725f726272657268726b726e827182749277a27ab27dc280d283f287128a228d429062938296b299d29d02a022a352a682a9b2acf2b022b362b692b9d2bd12c052c392c6e2ca22cd72d0c2d412d762dab2de12e162e4c2e822eb72eee2f242f5a2f912fc72ffe3035306c30a430db3112314a318231ba31f2322a3263329b32d4330d3346337f33b833f1342b3465349e34d83513354d358735c235fd3637367236ae36e937243760379c37d738143850388c38c839053942397f39bc39f93a363a743ab23aef3b2d3b6b3baa3be83c273c653ca43ce33d223d613da13de03e203e603ea03ee03f213f613fa23fe24023406440a640e74129416a41ac41ee4230427242b542f7433a437d43c044034447448a44ce45124555459a45de4622466746ab46f04735477b47c04805484b489148d7491d496349a949f04a374a7d4ac44b0c4b534b9a4be24c2a4c724cba4d024d4a4d934ddc4e254e6e4eb74f004f494f934fdd5027507150bb51065150519b51e65231527c52c75313535f53aa53f65442548f54db5528557555c2560f565c56a956f75744579257e0582f587d58cb591a596959b85a075a565aa65af55b455b955be55c355c865cd65d275d785dc95e1a5e6c5ebd5f0f5f615fb36005605760aa60fc614f61a261f56249629c62f06343639763eb6440649464e9653d659265e7663d669266e8673d679367e9683f689668ec6943699a69f16a486a9f6af76b4f6ba76bff6c576caf6d086d606db96e126e6b6ec46f1e6f786fd1702b708670e0713a719571f0724b72a67301735d73b87414747074cc7528758575e1763e769b76f8775677b37811786e78cc792a798979e77a467aa57b047b637bc27c217c817ce17d417da17e017e627ec27f237f847fe5804780a8810a816b81cd8230829282f4835783ba841d848084e3854785ab860e867286d7873b879f8804886988ce8933899989fe8a648aca8b308b968bfc8c638cca8d318d988dff8e668ece8f368f9e9006906e90d6913f91a89211927a92e3934d93b69420948a94f4955f95c99634969f970a977597e0984c98b89924999099fc9a689ad59b429baf9c1c9c899cf79d649dd29e409eae9f1d9f8b9ffaa069a0d8a147a1b6a226a296a306a376a3e6a456a4c7a538a5a9a61aa68ba6fda76ea7e0a852a8c4a937a9a9aa1caa8fab02ab75abe9ac5cacd0ad44adb8ae2daea1af16af8bb000b075b0eab160b1d6b24bb2c2b338b3aeb425b49cb513b58ab601b679b6f0b768b7e0b859b8d1b94ab9c2ba3bbab5bb2ebba7bc21bc9bbd15bd8fbe0abe84beffbf7abff5c070c0ecc167c1e3c25fc2dbc358c3d4c451c4cec54bc5c8c646c6c3c741c7bfc83dc8bcc93ac9b9ca38cab7cb36cbb6cc35ccb5cd35cdb5ce36ceb6cf37cfb8d039d0bad13cd1bed23fd2c1d344d3c6d449d4cbd54ed5d1d655d6d8d75cd7e0d864d8e8d96cd9f1da76dafbdb80dc05dc8add10dd96de1cdea2df29dfafe036e0bde144e1cce253e2dbe363e3ebe473e4fce584e60de696e71fe7a9e832e8bce946e9d0ea5beae5eb70ebfbec86ed11ed9cee28eeb4ef40efccf058f0e5f172f1fff28cf319f3a7f434f4c2f550f5def66df6fbf78af819f8a8f938f9c7fa57fae7fb77fc07fc98fd29fdbafe4bfedcff6dffffffdb0043000201010101010201010102020202020403020202020504040304060506060605060606070908060709070606080b08090a0a0a0a0a06080b0c0b0a0c090a0a0affdb004301020202020202050303050a0706070a0a0a0a0a0a0a0a0a0a0a0a0a0a0a0a0a0a0a0a0a0a0a0a0a0a0a0a0a0a0a0a0a0a0a0a0a0a0a0a0a0a0a0a0a0a0a0a0a0affc000110801a1027203012200021101031101ffc4001f0000010501010101010100000000000000000102030405060708090a0bffc400b5100002010303020403050504040000017d01020300041105122131410613516107227114328191a1082342b1c11552d1f02433627282090a161718191a25262728292a3435363738393a434445464748494a535455565758595a636465666768696a737475767778797a838485868788898a92939495969798999aa2a3a4a5a6a7a8a9aab2b3b4b5b6b7b8b9bac2c3c4c5c6c7c8c9cad2d3d4d5d6d7d8d9dae1e2e3e4e5e6e7e8e9eaf1f2f3f4f5f6f7f8f9faffc4001f0100030101010101010101010000000000000102030405060708090a0bffc400b51100020102040403040705040400010277000102031104052131061241510761711322328108144291a1b1c109233352f0156272d10a162434e125f11718191a262728292a35363738393a434445464748494a535455565758595a636465666768696a737475767778797a82838485868788898a92939495969798999aa2a3a4a5a6a7a8a9aab2b3b4b5b6b7b8b9bac2c3c4c5c6c7c8c9cad2d3d4d5d6d7d8d9dae2e3e4e5e6e7e8e9eaf2f3f4f5f6f7f8f9faffda000c03010002110311003f00f8c0bb531e651c939355cccc783fad35dc9e58d7eff73f8cd47c892498b702a166ec0d233fa74a633f65a8948d610eac476cf00d42edb9b3d969657cfc8bf8d452b8fb8bd05632763b29c063be72c7a9e955667058b76152dc4b81b455499ff807e35937d4e98a2291b393eb5139ed4f7607f0a8646c02d59499bd3576452b12e48ed5039e2a490e063d6a173cfd2b07b9d6911487320f6e6ab4cd963f5a9d9b867fcaab39e73e959499d54d1139e491504e70b8f535339e3eb55e73f301ed583676455a242e79c5444e4e6a4738c9a8c9c0cd62f63682d511487e526aadc1e82ac4c7e4c7a9aab31cbe3d056523a9113f402a290f39f6a95fa8150b90726b391d715a58864fbd9a84f27352b9f98935113819ac25b1d11dc8663c9aaf276a9a63daa173ce2b291d302273824d455239ce4d44dd0d448de246fc8350487835348702a09385eb58cb73a224121ebcd474f73f2d32b396c742dc639e4915d4fc32f857378c9e4f106bd73f61d0acf2d7579236df331d5509fd5bb7b9e2ad7c36f85b1f886ce4f19f8c6ebec3e1fb3f9a69dced37183caaf7c762477e07349f113e25cde3031f87bc3f6bf61d0ed30b6b64836ef03a3381fa0ed9ee79ac1b94e5cb13be9429d1a7ed6afc977f5f2fccb1f103e2445af5ba783bc196bf61d06d4048a18c6d3718fe26ff0067b807af53cd605959eec000d4763659c0c56e58598503239aeea14545591e363f1b3ab272931fa75905038faf15af6506dc123155ede200e3a035760386c57a54e163e76b5472916e17f9463b55db49cab020e0f6ace8db06ac43260e457541d8f3ab475b9d368fa89561f374aeefc21ae04942b371db9e86bcbad2e0c6e181ae8b45d55ade45756239af530b5dc24b53e7f31c1c6a2bd8fb2bf635fdabbc7dfb3878f23f16f832ec4d6b36d4d63469e5220d421079561fc2e392b20e54fa8241f45ff82857fc136fe1b7ed5bf0deeff6eefd83f49599e50f71e3df015a4404f04f8df2dc4312f4907ccd244a3120cc91ff00129f8dfc15e2b6b4950f99df3c75afabbf636fdabfc6ff00b3b78eedbc65e0cd4b7c33058f56d2a573e45fc39fb8e074619255faa9e471907d0c6e571cd23f58c35a35e2be535fcb2ffdb65ba7e5b78995712cf86e6f0398273c1c9df4f8a8c9ff00cbc8797f3c3692bb5696ff00989e2af02bc0598404570babe80f0390508f635fb77ff050aff826e7c35fdab7e1c5efedd3fb0be841e6903dc78f7c036b08134136374b71046a0624192cf1af120cc91f3b96bf273c6ff0ea4b676610601e4715f275308b134e52845a945da517bc5f66bf27b35aa3f4cc3666f0552119d453a734a54e71d63383da517f835bc5dd349a3c367b4689b183ed503c38aebf5df0e496f2106323f0ac0b9b168c9575fa7bd787528ca0eccfaea18a8558dd3330c783f7690a0f4c55b7b7c1e9513295358b89d6a7720319ed4d31e7f86a72a0f514853d0d4b45a915ca7a1a42a4751561a3f519a618f1de972a294880a29a69423906a768fd47e229a50f6a9712948aec8add47d48a63458e474ab254742298633d4566d334532b32f634fb79ded6559a3765656cab29c153ea2a4640782bf8d46d132f22917752563bcf0af8a62d62236f748a66da3ce87381301fc4be8c3fcf1915aee9ca491cc1891882661c483fe79b8f5edffd6c11e5d6b732dacab2c3214646caba9c153ed5dd7863c4f16b113417083cfdbfbf87a0940fe25f423fcf1c57ab85c4fb45c92dff003febfaeb7f9cc7e01d17ed29fc3f97fc0ff867a59ad165558b043a468fc75df6af9fcca93fe73d637849f315e10c48dd35ba74907fcf443ebec3f9640b4e0928eb28248db0cec3871de37f7edffd6c110ba2a26ef9e3447f7df6affd549ff39ebd8d2febfafebd36f36326bfafebfcfe7f157219dd1d6457765c472b8f96e17fb8ff00ed7ff5bd8d5692348d5648ddd2347c239fbf6af9fbadeabeff00d720dd743b9d25b70db86e9a043c483fe7a27607fcf4c811c884baba4ab2348b88a561f2dc2ff71c766fafb7b1ac5ab7f5fd7f5e766f78cbfafebfaf95d2a52c7b1648e4b7f97ef5c5ba9fbbc712c67d31dba7e1d2368dde4cab2bcb22e1491f25da7f74fa38fcf3ef826c3858d176bba246f88a43f7ed5ffbadeaa4e7ff00d79061922c2c8a61000f9a7b74edc7fac8fdbfcf4e99b5fd7f5fd7e28e88bbff005fd7f56d7e191589555474999514ed8656fbd0b7f71fd57afebee2a1b88a35575309555399e04eb11fefa7b1f4fe98356dfcc790386592475c066fbb72be87fdafd7f1c1a81bcb0a8d14a5554e2291bef427fb8dea3fcfa8aca4adfd7f5fd7c9ae88cb5febfafebbdd3aee242c54aabbc8bc8fe0b95f51e8dfae7dfad7207c8cb3631f2c13b7f0ff00b0fedeff00d3a59990223a3425541dd242bd633fdf4f6ff3e86a26569188f95ddd791fc33afa8ff6bfafbf5cdafebfafebe7bf445ff5fd7f5f2f86aca8aa195a364546cc883ef42dfde5f55ff3e86a3901766ca8676199147dd987f787a37f9f51561fa295931b788a56ea3fd86f6ff3d3a452a2843f2155072f18eb137f797dbfcfa1ac9afebfafebf4e88bfebfafebe766eb3a9c2cb1c83a6d8a561c11fdc7ff003fa544c176f019511ba0fbf6ededeabfe7af5b2eafb8aec566719651f7651fde1eff00e7d4540c0821d24ea311bb771fdd6acdff005fd7f5f933a22ffafebfafc511302c195a35248cc912f471fdf5f43fe7d4546432b064704b0c248470e3fbadeffe7d0d4a42aae06e5556edf7a16fea3fcf5eac60773232025865d07471fde5ace4bfafebfafc51ac5dbfafebfaf93558c76593b84ca73cae471edcd15603c8000ba88c76ca9cff002a2b3d3faff8735e77dff3ff0023ee12f9e4b534c83f879a8bcecf44fd690c8e7d00afd6dc8fe6854891a4c0f9980a8de42dc29c0f5a633aa9c93b8d46f2161c9c0f4a972b1ac698e7718c27e26a19650831492ceaa302abc927f131fc2b36ee6f18f61259303713927a55776ee4f269649093b8fe151bb77359c9dcd12be886b9ed504cf96c03c0a7cb26d181d4d5776e31deb1948eb846c35d8673dbb5432b10b807934f76e71e950bb824bf6038acde86f1576473b000283d2ab39e315248db9b24fd6a176ef584d9d9088c73cf3daab3b6496a9a66c2fb9aaee7b5632d8e94aeec46e78c546e78c53d8e4d46e4673e95948e8a6aeee433365b1e9555cee627dea699c804fa9a809c0cd64f73a20aec639ea7f2a85ce0548e78a86638159499d71dc85cf19f5a8dce053dfad4729c2d63237822bca7e6c542e7926a573c9c542e78fad6723aa288dcf15139e315239e714c6466e6b37ab368e8432e4f02a09460e33daadb44bf8d35a203aaf4ea6a6cba9ac66afa149e23d361aed7e1cfc30d3aeb4d7f883f1167365e1fb6e407c87bc6ecaa3a95278e393d07722f781fe1fe91a7e8dff0b1be26b9b6d223e6dad187ef2f9bb2a8e0953edd7d8735ccfc4af891acfc47d55249d3ecda7db0c5869d17dc857a64e3ab63bf6e838ae6949d47c91f9bff0023d5a108d182ab596af68feafcbf3f426f893f13f51f887791d859dafd8747b4c2d869d1f0aa0701980e0b63f01d077271ac6c89c122a3b0b4c9c91d6b6ac6d0704fd6b5a3492563cec5e2a53936deac974fb40a01dbc9ad3b78957b76a8208d460d595214e715e942291e0d49b9b2453b4823b55946c618556a9616cae0f6add6e714916d4f4352ab60e41aaf0b6531e95321c8c55ad0ca6b99172de63c027f1ad3b0b938033c8ac489c2b61aae5b4e6360377e3eb5d14e56382ad3e689dae81acb46572fd38e0d7a8fc3ff0019bdbc91a17e840233d4578769d7851c1cfd6babf0e6bcf692ae5f1cf535ed607172a5347cb67195d3c5d17747e85fec5bfb5a78cfe0778dad7c55e11d5404c2c7a8d84ae7c9bc87fe79c8073d79561ca9e47a1f45ff008282ff00c138be1b7ed67f0faf7f6d7fd89f435fb532b4fe3cf015ac4be6c3360b4971046a3eff00f13c6bc38cba73b96be0cf86de3d96cae91d6e36faf35f6b7ec59fb5d78b3e0c78aad7c45e13bf196c25ed9c8dfbabb8b2098dc7a770472a7915e966397ff685b1984b2ae959a7f0cd7f2cff00f6d96f17e5747c365bc455b846a4b2fcca32a9809c9b7cbace84dffcbda2bff4e53d2338dfed599f95df11fe14c96323916c31d8815e49e22f09bdabb2345d0fa57efbff00c1407fe09d1f0e7f6aff00005efed87fb1e68282f990cfe36f04da463cc8e5c167b88117f8bbb201871975e7729fc86f8b1f05ee74d9a506cb1827a2d7cd55c152cc30eeb518b4e2ed28bf8a12ecd7e4f66b54fb7ea980cf2a65788a746bd58ce9d44a54aa47e0ab07b4a2ff000945fbd095e3249ad7e5abbd39e127e53f5aab25b9e840af40f14f83a5b3958794460fa57257ba6bc2c463bf715f2f5f0f2a52b347e9184c743110528b311e0c64e3f2a618c8e9fad684b0302723f1a81e003ffd55cce2cf46352e54208ea28201ea2a73091d0d31a3ee454591a29909407a53593d454c50f6a6e08a5ca68a440d19ee334c64c74fcaac9407a714c78f9e7f3a968b522bb283d453190d5864f519a8ca11cd43896a440d186e70334b6f3cd6732cb148cac8c191d4f2a6a464cf34c65f5159d9a7734ba6acf5476fe18f13c5ac42619d17cedbfbf83a0940fe25f43fcbe95aec8c0a4a9283b86d86661c38c731bfbff9e9823cc6de79eca649ede465656cab2f5535dcf863c4d16af0b432a2f9c57fd22df38128fef2fa11fa7d2bd4c362554f765bff005fd7f4d1f3f8fc03a2fda53f87f2ff0081ff000cfa357ca468a721e3446edf7ed5ff00aae7fce7ac52c6c0bc724018b0dd3429f7641ff3d13dff00cf4c8168a83b1d270491b6199c70c31feadffc7fa60881d551769578d237e873bed9ff00aae7fce7af5b5a7f5fd7f5db6f362da7fd7f5fd77f8abb82c55bcc57765db1cac3e59d7fb8fefd067ffac6aaba08d03a3ba223e11cfdeb76fee9f5527fce720dd9572cc1e104b0ccd12f4907f7d3dffcfa8a858302ae1c317188e46fbb2aff0071bdff00cfa1ac64bfafebfaf9d9be983febfafebe574a949181bd5a0e0fcd342a7ff2227f3ffeb748a4562c1832bb3af07f8675f43fed7f9f43565d163008665456f958fde81bd0fa8ff3d7ac32c78dcad17bcb12f4ff007d7fcfe9d326adfd7f5fd7cd1d5197f5fd7f5f832bb1528a44842a9c4721eb11feeb7a8ff3ea2ab4d104565f2c850732c43aa1fefafb7f9f435724dcedb810ce46031fbb30f43eff00e7dea12a0286572154e11cf58cff0074fb7f9f5159495bfafebfafc3784bfafebfaf9dd3aedb9ce4e19d875ed30ff1ff003d6a0651c32c9d388e43fc3fecb54f2c617702876f59107553fde5f6a8dc12d8386661d7b483fc6b36bfafebfafd7a62ff00afebfaf96d5a450aa54a90a0e590758cfa8f6a63296272a09619651d241ea3deac360a821b18e11cf51fec9a8244d808c6003961dd0fa8f6ac9a378cbfafebfaf9ef59d718656f64723a8feeb544d803b80a7f18cff8559914eee40248e47671ebf5a8650548653ecac7ff0041359b3a22effd7f5fd7dc47b243c9b346cff103d7dfad148520cfcd0ca0f701871454d97f5ff0c5dffafe99f6a191c757fd69a5c1192f554ccffdea6b4bfde93f5afd46e7f3cf23ec5969d56a279d9beed40d32ff0008cd46f2b30e4e054b690f9575247980e01c9a89df9cb1c9a697f4a6337a726a5cae5a4d8acfdcd45248179279ec2924902f5393e950bb93f331fa5652923a214ec0efcee279a89dbdf9a577c726a1924da3dcf41591ba5d1092b1fb8a793d6a099f0368ed4f91fcb1d793d6abbb67935126745380d76c71eb5139cf14e76ef504cf81b47535849dd9d705657192bee6cf61503b639a7bb76fcea27393f4ac9bb9b45751ac7009a8666c2e3d6a573dbd2ab4cf924f61593675455910ced921476eb5139ed4e24939351b9ead593763a29aea31cf3f4a8253f362a57381d6abb9e09aca474c568358e4e6a199bbd4a4e066abcc7271593dce8822273c7d6a32a5ce076ea6a6584b9f9bf014ff00282a966fc8566d1ba7d8ac215cf4cf3d691e2dc7e6356843df1803d28689179c7d69587cf08f995046abf3103815dc7853c11a07847435f89bf15818ec873a669247ef6f9fa8ca9fe1e87e9c9e3adcd0bc25e1cf865e1f8fe24fc55b6dcf2fcda2e807fd65d3f50ce0f451c1e781d4f607ce7c73e39f10fc47d79f5ef11dc6e6fbb6f6f193e5dba76441e9efd4f535c5567cef961f7ff91ee61a8470f4d55aabdee917f9bfd17dfa12fc40f889affc4ad6ceabab11140995b2b188feeedd3fba0773eaddfe9c565db5aef6e57a53aced091bc8e9eb57ada00a41c74f5ade8d3491c35f1329cdc9bbb24b3b6db8c8ad28635402a1861d9c9a9d4e56bae0ac7935a4e4cb098dbc0a910e45431b038f5e86a44383835b459cb2dee4c87e5a7c4db5bd8d44a707eb4fad4c2a2ea5a8982bf27ad4ea7079aab1b6e5cf7a9e36dcb9fcead331b7426a9629081c9a854e47d29ca706b48b39a71499a56773ea79ef5b3a7dee401bba57370ca55b39fad685a5c946049e2ba69cec7156a47a0785fc46f1328f30823a735edbf09be24cf6334604f82a38c1ed5f3558df346c258dff001cd767e14f13c96b2ac892608391cd7bb80c6ba6eccf8ccf725a78b836d1fa8ffb12fed85aff00c27f145aeb3a5ea9857c25cdb48e4c5326725587a7bf507915e97fb7c7fc13b7e1c7ed5de03bcfdabbf656d15135078ccfe2df085aa0dc1f197b88117f8b82591461fef28cee07f37fe14fc5092ca68648ee0a94604e0f4afbdbf620fdb335af877af5b4f06ab84e12585db292a77523b8fd47515d98ec2d575566181b2aa95a49fc3523fcb2ff00db65bc5eab4ba7f9e653982e1a9bc9b35e6965f56578b5f1e1ea3ff97b4dbdbfbf0d23515d34a5692fca8f8d3f00eef45b9994da32e09ea95f3f78bbc0f73613b830f4f6afe897f6edfd80be1dfed51e06bbfda4bf66dd1621a8344d3f89fc336a83716232d3c2a3bf52ca07cfc95f9b20fe3dfc78fd9d2f343bb9d4d995da4f0531debceaf83c26758478ac22b35a4e0fe284bb3fd1ad1ad5754bf46cb33fc670e6610c063e4a519ae6a5563ad3ab0e9383fc2517ef42578c96ce5f15df696f0310e8473e959f2db329e391fcabd43c69e02bad3a775920231db15c36a1a5bdbb9050e2be2b13849d2934d1fb0e0332a58aa6a51660490e0e4714c319eeb5a13daf52a3f0aab24454f02b86503d78d44caad103d2a378c8e08ab4541ea29ac9e959b46ca45429e9f9534823822acb440f4a8de3c75149a348cc81901e94c68f9e78a98a11d39a420118350d1aa9159e3f6a632ff7855964c7d2a368ea5ab9a2915d931d0714eb6b89ad265b8b79191d0e5581e869cca453193b8ac9a69dd1a5d356676fe1bf1245ac4052441e781fbf8338120fef2fa1fe55a2e082b224c0f188a571c11fdc7ff3fa723ce2d6ea6b39d6782528e872ae3b1aedbc3fe2387578487451305fdfc19e1c7f787f9e2bd3c3627da2e596e7818dc0fb17cf0f87f2ff0081ff000cfa356e45455c0dcaaadd3f8a06cfeab9ff0039eb0ca8d97468c12c332460f0e3fbcbeffe7d455a9140dac92672311c8ddc7f71bfcfe950380176365554f4fe289b3fcabaa4affd7f5fd7e1c51935fd7f5fd79ef5990920893716184761c483fbadeffe7d0d577511e3965553f29fe288fa1f515724439652a0e465d07461fde1503a9dc09707230aedd187a1ac248e984bfafebfafc52a92a0cb7eefdde35e9fef2ff9fd2a1756277020b30c0247120f43ef56a44dbc64850783de33e9f4a8644c6414e0f2e83ff421593474c5ff005fd7f5f832b305603e620038563d50fa1f6aaf345b320a60757407a1f5156dd493918248fc1c7bfbd44ebc039200e87fbbedf4ac9ab1bc65a955c6e6e70588ebd9c7f4351328c0f9ba7dd27b7b1ab12a004fcbc752a3b7b8a89d723b1247e0d59b4744595dd54641181dc7f74fa8a8a4439270092391fdeab0c33dfe87fa5452211c74e7f2acda3a22c836e3812903b0a29e42e79553ee714541a5cfacf7afa51bc7a545bcfa0a0c84756afd279bccfc13d93242e7e94d2e2a26953a96cd35a73fc03f3a97229522477e324e0546f31e883f1a8d9c127736698cf9f6150e57368c121cce07d6a367f5eb48cffdda8de5c70393506895c24936f27926a267dbf3b753d0512304e5f96a82490b1ce6a24cde10077dc7afd6a276cf7e2876ec0f151bb67e958ca47542223b8196355ddc93b8d3a59371ebc0a859bb9ac9b364aec476e3dcd464802958e79a63b0eb9e05672674538dddc64af8523b9aab3bff0000fc6a4964eadf95572493926b26cdd2bb11ce063d6a273da9ceddea276c0c9ace4cea8c7a0c95811806a073938a7b37f11fc298aacdce2b27766f1b0c70c785a12dfbfeb538880ea3f0a72c4cc70a33ed4b95bd8b7251dc81a35030071fce944649000ab9158ae72e327d2a786d19e458e284b3b10155464927a003b9aa50b233956bbb36677d9a4c6027d0577da67863c3ff0006b4087e207c4ab3173aacebbf43f0f37de27b4b2ff7403f97b9e07b37ecfdfb1bf8e7fe1169be2febfe129a65b49365b79d11f22da62bb82b1e8d2e39dbd1411dcf1e53f1afe1c788ef35cb8d575c6926b9763991c761d00f403d292c357c5d094e97c09d9beefb2f2eefeeee6af32cbf29c6c70f887fbf694945af853d9bbeedf48eb6ddeb6478cf8d3c57e24f1ef8826f11f8a2f4cf7129c01d1224ec883f8547a7e26a8dadb11c915b77be1e9ad6428f19e0e3e955cd9794795e077ae2f60e0eccf5658ef6d4f9af76c8e188228e39e956608c6003512609e454a87071eb5b45238a572d29c8a721c1a8e26cf5a7f4ad16e73491321e71eb52839155d4e466a68db3ce7ad689ea64d5d58994e4548a722a143838a910e0d6b166325744b136d6e7a1ab113ed6e7a1aab5344fb9704f22ad3b1cf24d16d4e0e69f5042f95da7a8a950f6ab4ec6538a922546ede9562de7fe13d6aa038391522b67915aa673b5756362c6e82e118fd39ad9d36fda171cf1fcab96b79d89e4f35a763779f959b9ed5d34ea58e1ad45491e97e12f164d6532bac98c7519af75f84ff1527b09e2963ba23041383cd7cb1a5ea4d13805b91d0d76de11f164961321f30800f63d2bdfc0e35c1a4d9f0d9fe45471b465171ba67eb7fec4bfb69eb1e0ad5adffe26d80368746395914f504771fcba8af51fdb67f618f877fb567822eff681fd9ff4a893533199bc47e1cb74059988cb4f0a8ea4f2580e1ba8f9b20fe5afc26f8af3e9b7114b1dd95da41e0f4afbe7f633fdb4356f08ea56b2c3a9e19400cacd95917b823b8f6fc45698cc257a55d663973b554b55f6671eb192fc9ef17aaea9fc4e5f8ba380a2f21cf14a78494af4e6be3a13d94e9b7b35b4a0df2d48fbb257b497e68fed09fb355fe837536cb2e01382057cb9e39f005c69d71207b72304f0457f453fb61fec6ff0eff6aef03de7c76f815a5a26acb1997c47e1db600b331c969e251d49ea5475ea3e6c83f91bfb44fecd779a35ccec969b9431c1db58d5a382cfb0aebe1d72ce3a4e0f78bede6bb3d9ad5797d66559d667c2998c72fcca4a5192e6a5562dba7561b2945bd53e9383f7a9caf192d9cbe0ad4f486b66380473d2b2ee2d883d2bd7bc7df0f67d3ae1d5adcae33c115e77aa68f25b48df2f1e95f138ac1ce8c9a68fdb72ecce962a929459cccb6f83e951152bd456acf6bd415aa935a90720579d28d8f721553299507ad35938e6a668f1918c1f7a610475159b89ba915de2cf22a274f6e6ad9407a546f186ea2a1a358cac55208ea29ac9e953bc78e08a8d94ad4b57368cae40c99e9f9546c98e45596507a0e6a27424e45435735522bb2e69d6b753d94eb716f2147439561da9cc98e82a365079acda69dd1a69256676da0ebf06af010401305fdf43d987a8ff003c55d917a61fd91dbb8feeb579fda5d4f673adc5bca51d0fcac3b5765a16bd06b301ca81328fdf45d8fb8f6af470f88f68b965bfe67858dc1ba2f9e1f0fe5ff03fe19f42c3a803b800f23bc67fc2a1917195280e7efa8fe2f7156a45c10437b2b1ff00d04d42ea00c104007f1535bb5739232b7f5fd7f5f8d59171e878c063fc43d0d4122ed1b79c03c67aa9ff000ab722e09057af55ec7dc542eb9e339e383ebec6b2923a6122a48846723dd947f3150b839cf07dfd6acca9b79e40eded50b2fb67d456324744595dd71c64803a1f4a82440a795e3b81dbdc55a9060e7ad44ea3fc2b26ac7446562ac899c9079f5f5a8d8679ef53ba95a8dc0eb50d1d1164050668a93e7fee515362ee7d3a641fdefd6937a8ef9fc2a2f33da90b9ed5f7d767e2b6f2253273c0a4690f738a88c80757a619973c02690ecc94bfa0a63c8072c6a36773c93b4531a445f73ef49b45aa6fa9233b37b0a89e654184fce98f3163d6a267c1e4f350e46f1a639df3c9351b3e7e948cff00de351bbf72702b294ae744602b367e950cb2eee074a49252dc0381513367e959b66a95f440ed9fa546cdba866cf03a5359b1c0eb59b76358c6fa08edd85413383f283c0a74afb46d079355a6908f941fad66d9d29741b2bef381d0546e7b52b1c0a8ddb03eb59b7637847a8d76cf02a195b2702a4724fca3a9a12020ee279f5f4acdea6eb42210b39c633cf4a956158c63a9fa54d1c24f08bf535620b224e48c9f5aa8c1b2655630ea548ed4b9f9b35760b1e3685abd69a6020314fc2b4f4bd06fb53bc8ac34eb19269e77090c30a12cec7a0007535bc68df538a7896dd96efef326d7489e7912dadedde496570b1c71ae59893c0007527d2baaf1778abc25fb286971ddebd0dbea5e3ebd803e9fa4b10f168e8c389a7c1fbfd70bf96065aa5f8adf137c2ffb20e96da4e97f64d63e265ddbff00a9e24b7f0ec6c3ef3f50f390785eddf03ef7c93ac6bfad788b59b8f10ebbaacd7b7f793196eaf2e642ed3b9ea589effe471c578398660a4dd2a3b7567dc64790ba11588c4af7fa47f97cdf9fe5ebb7d9dfb0cffc147fe24fecfde3ebcbff0012997c4fe1cf10ca3fe133f095fcb98ef90e019e03d229947dd2b81c6d22beeaf8c1fb307c30f8ebf0aed7f68efd9bf5b5d7fc19ad0c25cc6a3cfd36e71936b7483262954e460f0c3919c8cfe2ae85ad3d9bab8919421e181f9a23fd457d7fff0004ecff00828d7c4cfd8c7e23b6b5a0dbc1adf87f575583c63e08d4a4cd8ebd6991bb19c88a6033b25037293dc1e7a72bcc2a61ea7343aeeba497e8d747f27a6de0f1570e52cca925534946ee1516b2837bf9ca0dfc51bff7a3692bc9ff0017be085ef873529e29acca15273f2d78e6b7a2cb64e6375230793e95fae7f1d7e06fc12fdaa3e09a7ed6ff00b26eb0dacf83afbf75aa584807f68786af4f5b3bd8c72841c8494fcae0035f9e1f17fe0fdfe81a8cd04d68cb8638f96bea31384a18cc37d670daaeabaa7d535d1afeaeaccfcff2ace71997635e5d98ae5a91ebd249fc328bd9c64af66badd34a49a5e0b2c054e40c534135b3ace8b2d8cc5190e33f95654d09439c57cece0e123efe9558d58682c6d9fc6a653919aac8707153c6d9a4392ea4887071eb5221c1c5454f5391569dcc248b0a4900d48a722a08db38cd4aa706b44cca4ba9321c8c53918a3645440e0e4548083c8ad53b98ce3d4b08d82196a7560c370aa70bed3b4f4353c6fb0f3d0d52660d58b2adb85395b69a8d4e0e453c1c8c8ab4cca717ba24538391566dee0e41cf354d5b1c1a7ab60e45689b46128a92376caf770c67e6ad9d2f5368d8296c7a66b93b7b83c10dc8ad3b2bd0e4063cff003aeaa556cce0af414d1e9fe12f16cf632a9126003d335ee9f09fe2d4fa6cd14b15d95c10786e457cada66a6d0b2e58f078e7a5769e14f164d652a3a4bd0faf15efe0b1ae2d26cf86cfb22a58ba525ca7eb1fec83fb62eafe13d52d2f6c35af2e64c02ac7e5917bab0ee0f715eb7fb58feca5e06fdac3c0d79f1cbe03e97147ac24465f13f85e219663839b885475cf7503e6ea3e6c83f963f09fe2f5ce9d711491dd952a41c6ee86bee0fd943f6bcd6bc2bab59ea9a5eb1e4dcc38c65b2aebdd587753dc55e2f055635963b02f96aafba4bf964bb767bc5eabaa7f1f83c551a141e499d294f0b2778ca3f1d29ecaa526f692da507ee558de3257b4a3f05fed11fb3c5c693733b1d38a804ff0f15f2a78fbe1e4da74f26202307a62bf7fff006a5fd99fc07fb58780ef7e39fc0ed1e28f5b82232f8a7c29000598e326e6dd47de070495039ff7b20fe567ed01fb3f359cf3490da11827a2ff009c5454a785cf70cead28f2d48e938bdd3feb54d68d6abaa5eee559be67c2598c301984d54a735cd4aac7e0ab0bdb9a37d9ada707ef42578c96d297c19ab68cf6ce43277f4ac89ed8ad7b1f8ffe1edc69d70e1edc8c1feed79c6afa33dbb9f931ed5f158bc24e84da68fdcb2dcce962e929459cc4d6c0f2073ef555e323208ad8b8b52a7a63f0aa73400f515e6ca163dea756e8cf65c7229a4022acc9090726a164f41593474c6442e83a1fcea1922c76ab446782298c98edc566d1ac645365c7229aca1aac49191c8a85931c8a86ae6f195c85d39f7a89d7b8ab2c322a37439f7a868d532b3aee19a7da5ddc594e9716f2157439561fe7a52bae39151baf702b269a7746ba49599dae89adc1acdb9230b328fdf459fd47b55a910763f43fd0d7076779736370b756d215743c1fe95d968dad5beb56c5d30b2a8fdec59e9ee3d457a387c42aab965bfe67878cc1ba0f9a1f0fe5ff00007ba8036b038fe5513a763fa77ab52a67eb5032f622b76ae7346562b4a98ea3f1aaee8470055c71ebd2a1963182181c0fd2b168e98c8a6ea41e6a275c0e9c77f6ab4e983f37e1ef50c8a14e73c7ad64d1d11772b3a6723150488ca723f3ab6e839e380791e9513a161803271d3d7e959347442456dabfdd6fc28a9360ff009ec07b11454d8d798fa2b737fcf5a6974ef21355f791d5a93ccff6ebedf98fc8fd9a2c19231d173f5a69b8238000a80c833ce690c9e82a5c8a54c95a527ffaf4c67f5351b3fa9a697f4152e668a98f2e4fb530be3a531e403963f8546f31230bc54366aa290f9250bd4e4fa5452485b963f8534b8ed51b30ee7350d96936399b3f4a8d989e2827279a633fa54376348c2fb0acd8e05452bed1c1e4d12481781d6abcb2edf73ef59b67428db4412c9b7a1e4d424f726827b934c76079a86cda10b88edde9872c697976e3352a4014631939a8dd9b5d2d4647101c9fcea686d4ca79042d4f6f645882fcff00b35a567a73be06de6b485272673d5c428a2adae9e24c22a6147538eb5ab65a3193044785f7ad2d3b426e014c93ed5d6f83fe1eebfe28d62d7c3fe1dd225bbbfbc94476d6d12e59dbfa01dc9e0577d3c3d95d9e3d6c64aa4f921abf2d7e48e7b40f08ea3adea5068ba3584b75777328482de18f2cec7a003faf6ab7f1bfe35f867f644d367f00fc3cbdb4d53e25dcc263d4f564c4b6fe1d561cc519e43dc907aff011cf65ab9fb43fed15e18fd9674bbef843f03f5a8351f1e4f1b5bf8a7c63684347a2023e6b5b33de5fefca32148c75fbbf1a5dbcd733c93dc39925958bca5d893292725f27ab13c927a9fcebe7333ccbdade8d07eef57dff00e07f5e47e85c3f90fd46d89c5abd57b2e90ff397e5d3b916a17b7bab5f4daaeab7935c5c5c4cd2dc5cdc485e56918e59998e4b124e49355da225ca84049e594746f71eff00e7deac00570c5bd91f1fa35376800e13a7de51d50fa8f6af9fb58fae8cfaff005fd7f5ea9112ac191803fc2e7bfb3569e95ac9b670abb942904807e68cfaafb7f9f6acc761f7554124738e8e3fc69a8e570caf800fcae7aafb1f6aa849d37a7f5fd7f5dccea538d58fbdfd7f5fd7547d6ffb02ff00c141be317ec5bf1563f1efc38d420bbb6bf845af89fc2fa912fa67896c4f0f6f7119e376d276c9f7909c8e2bf44fe2f7c2df817fb67fc0f7fdadff0063e679b405654f177846e5c36a5e0fbd600982703992dcb13e5ce06d60304e6bf11f4cd4de07db83c1cb460e083fde5afa27f627fdb93e327ec7df162cbe2b7c21f122417a2236da8d8de2992c75cb26e24b2bc8ba491b0c8e7952772e08afa4ca737ab85abcf1d6fa34f692ecfcfb4b75b3baba3f3ee29e14c2e6b84f6736e2e3ac271f8a9cb7baef07f6e17b35aab4926bbbf8b9f092f345ba9375a15c123eef7af1dd5f4596ce464642067f2afd45f157843e00fede5f056fff0069dfd946c0d92d9229f881f0e66903def84ee5ff00e5a2779ac5d8feee519dbd1ba57c33f16be135de8b772a496b80a48ce3ad7d2e270d87c750face1be1eabac5f67fd59ad5687c165599e3f2ac5ff67e6492a8b66b58ce3d2507d53fbd3bc649496be172c1b4f4c50870707e95adabe912da4acac878ebc74acc92220e0d7ceca1283b33ef29d58548dd6cc7a9c8a706c1ce2a14620e0f5152f5a49d87244aad8e454a872319fa55746ec6a446e704fd2b44ec62d16118f434f46c1c1a84303d2a4539fad68999b5d096a58a4dc3693cf6a811b3c53ba74ab39e51b1722931f2b1fa54aac45548e4de307ad4d14bfc2c7e9569dccec58073c8a72b6383512b6da783919ab4cc65069dd122b10720d5ab7b9391cf35495b1c1a7ab60e455a7630945491bb657e78573f8d6de99a9bc2e086e3b8ae46dee327deb4acafca10a4e457552ab667057a0a4b53d37c2fe28782456498820fad7b3fc2ef8b975a54f137da594a904106be66d3b512a4323d75de1af14c96d22977c8ec6bdec1e379747b1f139e6454f1749e9a9fa81fb2bfed67ae784f54b2d6b46d70c1770302a43655877561fc4a7b835ec1fb4dfecd7e00fdad7c0d7bf1c7e05e8f15bf882de13378b7c276ca097cfdebbb7518dc09c9651c9ff7b20fe5ff00c36f89f75a64b1c96d76508208209fd6bebcfd987f6bbd7bc1bae596b3a4eb2f697b6ac36caadc11dd48eea47047715ae270951d558cc13b545f7497f2c9755d9ef17aaea9fc8d0c551c251793e75073c2c9dd35f1539ecaa5393f866baad2352378c97c2e3f20fc7af819358cd338b2e327040e0d7cbfe3ef004b633395808e7a62bf71bf691f803e04fdadfc0b7ff1dfe0268f0c5e21b684cfe32f05db004c9fdebdb55ee09c9641cf7c673bbf32fe357c1c4592692d6df18cfca454d5a787ce70eea423cb523a4a2f74fcff0034d68d6abaa5efe539863b8671d0c2626a2a94e6b9a9545f0d485edcd17dd6d383b4e12bc64b694be27d574868242ac9d3f4ac5bbb4da48c57af78e7c0d259ccf9888c13dba579eeada4c96ec51978af8ac5e127426d347ed396e674f154d4933979a0238c555922ef8ad8bbb42bf41546687d2bcc942db1efd3a9733dd29847a8ab53479faf7a8593b1ac5a3aa32b903a7e550c91e3915648ec698e9d8f4acda368b29b2e391d29acb9e6a7923c75a899769a86ae6f195c81d7b81f5a899707daacbaf71513afe46b36ae6d165775c1cd3ecefae74fb94bab594ab2fdd3fd0fb50cbd8d46cb8c83593bc5dd1ae92567b1db68facdb6b56de6c7f2c8bc49193f77dfe9533c79edcfa570d63a85ce9974b716f26d65e87b1f63ed5d9e91abdb6b56be643f2bae04884f2a7fc2bd2a15d55567b9e262f08f0f2e68fc3f903a73f5fd6a2718e33c763e9f5ab4e9d46de7ba8fe62a17507af53d0f6615ac95ce68c8ab320c10c38efedee2a192320952339fc9aadba8c01b8800e149ec7d0d4324780430c01d40ea3dc7b5632474c245374c7cc0f19c06f4f6351c802f5040ee0755f715664521b1c1247e0c2a275c60ab71fc2c7b7b1ace4ac74c59105723a29f7cd148625cff00c7b37e1454f2a2effd7f4cf72de3d0d1e60ec2abf9cfed4195cff157d5dd1f9ad913ef6a43281d5eabb393d5a9a5c7614b990d227699474e698d331ef8a8cb9ec298ce3b9a5cc572b24671f5a63487b9a6973da9a4f726a5b2945741c5c9e94d240e49a6971da98f205fbc79f4a872368d3eac73393d38a89e6ec9f9d32494b0e4e0542f316e1462a1b35487492e3853cfad444f72690900734d67c8c9a96cd610067cf7e2980348db40a544699b007156a0839d8ab53d4d5b49790d86df1c28c9ab96f67823e5c9ee7d2a5b5b539c2f53d4d6e68da0bcac19d0f5e01ae8a545c99c188c528a2ae9ba334843b2f07f335d3e8de1a6601997af415a9a07855e52aed16076e2bd37e13fc10f157c49f1143e1bf0ae97e6dc48a6492491b6c56f128cbcd2b9e238d464963c0af66860d420e73764b56d9f2f8bcca756b468d04e5393b24b56dbf2399f875f0a3c51e3bf10db785bc25a349777d76d88a241ce072598ff000a81c963c015cf7ed43fb55f863e02e8f7ff00003f664f10c5a87886e626b7f19fc41b37e02f47b2d39c74507879ba9390a7b8b3fb5cfed8fe12f87be19d43f66bfd92fc4a67b7b906dbc6bf11edb893577070d67687ac5680823cc0434b93db96f8ce55455f24c642afde897aa7bafb7f9f6af95cd73578a6e951d29fe32ff81d97cdf65fa570d70f43298aaf887cd5dfcd43c97472e8e5d368beaeacaa0ed659781c248474ff0065bf1ff39a81e1032b82029f9907543ea3dbfcfb55a947cd9dca5987047dd947f8d40c142e431001c2b9eb19f43edfe7debe79e9fd7f5fd7de7d945df6febfafebb103a65bef29247e120ff1a8e42aa0156381d188e53d8fb7f9f7a9a5da80ab29f568c1ea7fbcb501f9983eec96e8c7a38f43ef59b3a134ff00afebfafc18c9c952a7d5907f314007821c12dd18f471e87de9db63c752003f8c7ffd6a0a162548049eabd987a8a82f9bfafebfafcc44ca807711b4f07bc67fc2afe9d7f2c326d2064f2f1e787f71ef54707870fecae47e8d4a3206dc11b792bdd0fa8f6aa8c9c5e86738c66acffafebfad77f7afd93ff6b6f8c1fb2cfc56d2be30fc1af19c9a4eb9a7131c37246f82f206e24b4ba88f1342e32191b83d4608afd249adfe07ff00c145be11ea3f1ebf66fd022d13c4fa3daf9ff11fe16249be6d1c9fbd7f63d4cfa7b1239fbd113b58639afc6ed3efe6864c120961c83f7651fe35eaff00b3b7ed21f13bf67bf893a3fc59f84de36bbd0f5ed16e449a66ab6e41688ff1452a1f9648987cac8c0ab0383d8d7d06599ad6c255e68bd7669ed25d9fe8f74fcb7f8be21e1ac1e6987e4aaad6778c97c5097f347c9fda8bf764bb349c7da3e2cfc29bbd06f2547b62179c102bc9b58d1a4b490aece95fa21a6f883e117fc14a3e18dffc49f837e1ab3f0ffc4ad1acdaefc7bf0cacd8959a351f3ea9a502774b6c78324206e859b8056be44f8a1f0c2eb49ba75fb39c02482075afa6c450c3e3f0ff0059c3edd5758becff0047b35aaeb6f81c1e2f1993e37fb3f1fbbd6325f0cd778bfcd3d62f46b66fc59e320ed3c11d0d2a120e0d696ada4c96d21054f06b39d0f7eb5e0ca0e2eccfafa7523523742f4a7ab64546a72307ad283839a49f41c95cb11bd480f7155d4e7915246e3bd5a76326ae4e0e791522b678279a814e39a901cf22b54ccdab920254e41a9a39030ebcd40adba94120e41aa30946c5c8a53f758fd2a55622aa47207e0f5a96394af0dd2ad3b99bf32c8208c8a50c474a895bb834f560d549994a1d8955fb83f855886e4a9f98d53e94e5931d6b44cc6514f736ecaf882195ff002adbd37552846e6c7bd72104cca72a7f0ad1b3bf03863f8d74d2aad33cfaf87bec7a4f877c492db48ad1cd8e7b1af51f027c4c96d258d9a62ac318615f3f69da93464323f5f435d3685e23788a876fc476af6f098d707a9f239be4d47174da6adf91f7cfecedfb547897c05e20b1f13786bc41259dfd9481a19e36e9d8a91d1948e083d457b6fc7ef82fe03fdb37c117ff001dbe0168905978bac60371e37f035a2f330fe2bfb35eaca49f9d3ae72719fbdf9bbe0cf1dbdaba6db9c7b835ef9f043f692f1afc36f125878bfc1de2396cb51b0944969751b72a7d08e8ca7a107208eb5e854a3eda6b1186928d55df692fe59774fef8bd5754fe2610a995d2960b1b0955c249dda8fc74e5b2ab49bda696e9fbb523ee4fecca1e19f177e17a3191d6000f3c81d6be7bf1b78364b299d5e1ef5fad3f19fe197803f6daf046a1f1c7e046830e9de38d3edcdcf8ebc076638ba51f7f51b15eaca7ac9181904e473f7be03f89ff000f40690f919e4f6ae4c550a598d294e31e59c74945ee9fea9ee9ad1ad5754beaf26cc31393d6852ab35529cd5e9d557e5a91dbaeb192da707ef42574d35cb297ca7ab694d0390538ac5bbb4da4e07d6bd4fc63e1292d2571e49c1cf6ae1354d35a1720a9c7635f178ac2ca9499faee5f9842bc13b9cccf0f3fcaab490e4640e7d2b5ef2d769240aa3345f9d79b28d8f7a9d4ba33d93d4734c23b1ab32c64540ebdeb168eb8c885d3b11f4a8244c718ab4c323151c899ac9a368c8a878eb4c75f6e2a6910d308c8c54347445dcacea7a7a546eb9edcd5875a85c60e7d6b392368b2091372fb8a934dd4aeb4eba5b8b7936bafe447a1f6a47183902a1994839acaee2ee8d6d19c7959dd697aadb6b56be74276c8bfeb133ca1fea3dea474072a539eacbfd4570fa6ea773a6dd2dcdbbe187af423d0fb5767a56ab6badda09e06d8e9f7d09e633fd47bd7a542baaaacf7fccf0b1784961e5cd1f87f2febfaf31d49381c92383d9c7a1f7a8580000c9001c2b1eaa7d0d5b95092432fbba0ff00d096a1652c41e0923e53da41e87deb592b984656febfafebcb6a92c5d5594819c951d8fa8a85d4e7070c48fc1c7f8d5b2a0000b10a0e1588e50fa1f6a8648c7cc8f191ce594751fed0ac5ab1d3097f5fd7f5f832a9d80e3ed6cbec4f4fd28ab221b9232b246476393cd153cbfd7f4cd39d77febee3d57cc1fde346f5a8f7afad26f1e86be8b991f07c8c93ccf6a4ded4c327a0a4de7d051cc52a721e493d4d21651d4d46d200325a9a6751d066973329534894bfa0a634800f99bf0a89a563d4e2a269d41f979a96cd12267989181c542f328e8726a36919fa9a69603ad4b6d94a2d8e666639634d2e074a6b393ed4c67f4a96ec6d1825b8acd8ea688d1e56a2288c8727a55cb7b6ddc2ae00a4aed8e5251576105beec2a8ad0b4b267211149cf5f7a758d8348c1116ba9f0ff869dca9319249f4aeca1877367978bc64609b6cafa178759cabba67d78aef3c2be0b92e0abb45851cf35a9e0cf00c974cb249161474e2bdd7e0bfecff00a8f8dae6e2e1ee6d34ad234ab46bcd7b5fd4e41159e93669cbcf339e0003a28f998e00049afa2c360a9d1a4eb566a315ab6fa1f0b986715b11888e170d173a93768c56adb7fa7dcac9b6d24d9cc7c1df807e20f887acff00666910dbc115bc0d73a86a37f288adb4fb641992e2791be58e351924923a60578ffedadfb6df8697c337ff00b2f7ec9fa8cf1f84cb797e30f18aa186f7c53229e917f14362a41da80e651cb71c1b1fb70fedd3a2f8df4097f66bfd973ed1a67c388a50da9eaf70be5ddf8d265ff96b72460c76e0e4c56c78c619f27e51f215fcea106d9182a9c076fbf09fee9f55ff003ef5f299ce6d2c73f674fdda4b65d5f9cbf45d377aedfa6f0af0e53c961edab353c4cbe296ea37de30fca53ebb46d1d25427cf665259701b1f2ccbe87d0e3fce3a5094463e60ecaabc2b37de88fa1f51fe7deaddc9e5a3317bc9103c1ff6d6a94d26e2087192309211c38feeb7bff9f6af9a97f5fd7f5fe7f73497f5fd7f5f2d1412a825834673d5e307affb4b5148c14eede0e78573d1c7f74fbff9f6a91d900e32154f4ef11ff0aad3bf98e5768e47cca3a3fb8f435cf2d59dd056d3fafebfaecc8643b8e704053ebcc7ff00d6a0a92c54a825b92bd9bdc53b0010777b2b91fa352ed5da414c007951d50fa8f6ff003ed51636bff5fd7f5f3de30a4e195fd95cff002346c182a1480a795ee87d47b548572d8014961ff01907f434985001df81fc2e7aafb1f6a56febfafebf31dffafebfafc8661b3ce0961c8ed20ff1a3a00771183f2b9eabec7daa42a3050a1f5741fcd68c64821b2587cac7a38f43ef472a0bff005fd7f5f2d99c82571d0e4a83d3dc55bb1bc9a19015752c4704fdd907a1f7aabb015dc09014f07ba7ff005a9caadb88201246590743ee2a93b3d3fafebfaec4c9292b3febfafeba33d2fe0cfc6bf1dfc1ef1ae95f113e1cf8baff0044d6744bc4b9d2b56b098a4f63329c839fe243d0ab65581218106bf45fc1be3ff86bff00052df05dcebfe12d0ec340f8c5a65935cf8abc1362823b6f11c48b99353d293b3e06e9ad072a4964c8afca6b4b9960759524e7a2bf66ff0065abb2f871f137c4df0ffc4561e2cf08f882f74ad4749bb8eeb4fd434fb868ae2c27439592375e460fa76c8e4122bd8cbb32ad83aaa707aecefb35d9f97e2b747cb67590e0f33c3ba55a3a5ee9af8a32e928be8fbada4bdd92ea7d0bf14be18dd693752b1b623e63b86def5e57ab69525b48709dff003afb63e1c7c5df03ff00c1477c34f613d969fa37c6cb4b569aff004ab54482d3c711a2ee7bbb35e162be0a19e5b70712f2f1f395af9dfe26fc33bbd22ea557b4742ae43a3290548382083d0e78e6be96ac2863a8fb7a1f35d62ffcbb3d9fadd1f074678dc9f15f54c66bfcb35b4d775d9afb517aa7dd59bf1f6420e475a0106b4354d2e4b490829f5e2a83290723ad7912834ec7d24271a91ba155b069eadce41a8c1cd2ab6da498491611f3c669ead8e455753839152a3f1549d8cdab93839e41a7ab6783500383914f5607a56a999b57d09738ef52472e7e57fcea157ec69d54632858b49232f4391e952ababfdd3f8552494af0791532b83ca9aa4ccac5a57c7069c082320d5749bb30fc6a4048e41aa4c9715244a0953906a786e00e7f3aaa1c7714e048e41ab52309537d0d6b4bd68c8c371e95b1a7ea8571b8e71e95cb453b29c74ab9697cca7935d34ead8e1af878c91df691adec21964e9efd2bb6f0c78dee6cd9489ce3dcf15e4561a8e4e4115bba66ad24272b2123b8af5b0d8c707b9f358fcae3553696be47d3df07ff00680f167c3bf13e9fe34f06f8827d3b55d366596caf2d9fe6423b11d194f42a7823835ef3f163c07e04fdb73c197ff1afe096896fa678f34eb66b9f1c780ecd70b7c8397d4b4f4eac0e0b4b0a8ca9391fed7c1fa278a65808612fe46bd23e167c6df13fc3df14d878cfc1be21b8d3355d3ae166b3bdb6908789c7f307a153c30241e0d7a5392c435569be5a8b67d1afe59774fef4f55d53f9ec3d2780e6c36222e7879bbca3b38cb65520fa4d2f94e3eeceeace3c0fc44f062ee9088f83ed5e39e2bf0cbdb48cad1f19e98afd17f895e10f047edb3e0ed43e317c19d0edb4ef883a6db35cf8e7c0d631858f5241cbea7a7a719c9cb4b6e3257ef0f7f8c7c6be17562ea53e9c579b8ba54f170728ab497c51ea9fea9ee9ecd7cd2fa6cbeb6232bab084e7cf4e5ac26b692fd24b6945eb17a3d1a72f02d4b4e6858a95e3b1ac8bbb52a785af42f12787cc52306438c9ed5c8ea16062628e3e95f2988a0e9c8fd17038c8d58a673b3458ea2aa4b1953d2b5ee6db048fcaa8cd16460d79f38d8f6a9d4283ae3914d75cf22a6923db9047ff005aa220838ac648eb8b2bca9dc0a81d40391deadba76a8254e706b268de122071919a89d7b63ad4fd2a3917a8c7d2a1a3a22caecbc60d44ea186d22a771dea271839158c91bc59588ec454da76a977a5ddadd5b4b865e0e7a30f434c9970722a271c54a6d3ba35718ce366b4677da5ea969ae598b9b76daca7e64cf319fea29f247f7832fbba0ff00d096b85d2f55bad26ed6eed64c30e181e8c3d0d76fa6ea567ae590b9b672acbf797f8a26f4f715e951aeab2b3dcf071784961a775f0bfc3cbfcbfcf76bab13c90588f958f4907a1f7a8595481c9001c293d50fa1f6ff003ef569d09dcad1f3d6445eff00ed2ff9fd6a2906487dc19986158f4907a1f7ad24affd7f5fd7e3841d9ff5fd7f5db6acd68a492da78249e4861cd1486e215257ed170b8e368cf1edd28ac6e8dfdefeaffe67a4f9e7fbb48676ec0555f31ffbc682ec7ab1fcebdcbb3e46ccb2667eed8a634c0f0d25404f7269323d451763e46c98cea3a0269ad339e9c5465c0a42e4f414ae52a6c71249c93485d477a633ff0078d34c9e8297322d4121e5cfd29a5c0e94c2f9ea698d28150e468a23d9fd4d3a38cb7514d863673b9b8c76f4ab76d0194f00edee68576c536a2875b4064e46428ef5ab61a7c93b8544e0f414ba669af23280bd3b63a5761e19f0dbdc3aa45175c735df87c3ca6f63c7c663234a2db633c3be1967650a84b1c76af51f02fc3c92731c92c19cf45c75ab7f0f3e1dbcf2205b7dcc4fa57d3df063e00e8363e15d47e2cfc56f12db7863c17e1d8966f11789f504263b753f7218d47334f21f95225e589ec0135f4f87c350c15075ebbb457f5ff0cb767e6b9ae758bc7e36380c041d4ad3768c57e2dbd924b56db518a4db7df0be09fecf51f882cefbc55e2bd76cbc3be18d02d7ed7e24f136aa4adae996f9c6e6c72cec70a91ae59d880057cc5fb76feddd0fc66d33fe1447c06b3bcf0d7c28d26ec48b6d3fcba86bd7899c5f6a5b4e1ba9f2e1fb912e3396e45bfdbcbf6ecd4bf6889e2f855f0e3439fc37f0c740b869344f09bc80cda8ca38fed2bc753896ed8638cec8c615002371f93f57d51e470eb719246d8e723ef8fee3fbfbd7cb66d99d5c74ecfdd82f863facbbbecb68faea7e8bc25c354324a4ea49fb4c4cd7bf53a2bfd8a77d543bcac9ced769412819fa9cc5da44f2f3bb99205e8ffeda7bf7ff0039ac5bb9cbb89565049188e63d1c7f71bdff00cfb559bdb91b4a6d65553caff1427d47a8ff003d38acdb9790b118525c7cc99f9651ea3dff00cfbd7cd559ddff005fd7f5f27fa3e1e9c62ad6febfafead66ab5c38dbb02b0553c8fe284fb7a8ff3ed55a5c92542a92c32c80fcb20f51ef5248e4e184a7838594f507fbad55a66cee8f69001cb20ea87d57dbfcfb571c9ff005fd7f5fa7ab4e365fd7f5fd77d5c729dc415978ce1643d47fb2d4cf2b00a9520039641d53dc7b549b72dd412c3aff0c83fc6936aed055880a7e563d63f63ed58bd4d936b6febfafebaa1bb093d54961f8483fc69368c03bc800e15c8e50fa1f6ff003ef5214c96063ce79741dffda5a4033f306049e15cf471e87dff00cfb503e67fd7f5fd7a6cc30925815e7abc63ff00425a0467821d496e15fb38f43ef4f2aa07f10553e9cc67fc282ad92a5412c32c9d9c7a8f7ff3ef40733febfafebee630c602e724053f8c67fc28689b9428093cb20e8dee3de9e3b3093d92423aff00b2d46c0011b480a72541e50fa8f6a07ccffafebfaf5de3d8721b7f5e15fd7d9a936e015190abd4778cfa8f6a976bf3c292c3903eec83fa1a424021c310070ae472becd47f5fd7f5fe61cdfd7f5fd7e286293b886c12c3919e1c7a8f7a9edeea485965594800e1243d57d9aa3da0655a33c1cb463b7fb42803041041661c1ed20f43ef427662972c97f5fd7f5db6ea7c23e30d4fc3da9dbeada45f5c5a5cd9dc25c412da4cd1cd6b2a30659a27520ab0619047208e3d2bef5f849f1dbc31fb7fe8d1784bc77358d87c665876dade8db0daf8f55573cff000c5aa6324e7097007187e0fe72c5379589158aaa9e18f58cfa1f6adbd0f5cb8b2b85921665915c3958dca9dc0821d08e430201c8e73efcd7a782c6d5c3545383b3fc1aecfbaff875a9e1e6794e1b1d41d3a91bc5ebd9a7d2517d24bbf55a4ae99f4afc4ef8677da2df4f0cd652c524323473432c655e365382aca7956046083c8af30d4f4d92d6420af7afa63e0cfed15e1efdb3f4bb5f873f18357b6b3f89e225b7d07c5778eb141e2f00612d2f1ce162d43a2c73f0b30508f87c13e69f157e16ea9e1ad56ef4ed474b9ad6e6d6668aead6e2229242ea705594f2a41ec6be89ba38ea7ed2968faaedfe6bb3fd4f8774b1593d554ab3e68bf865d1af3ed25d57cd5d6a792b020f4fad00e79156f50d3e4b5948d871f4e954c82391f88ae0945a763d684e338dd0e56c1a783dc1a8c107a528623a524c1c49d2424ff4a901ee0d570c0f20d3d24ed9c55276336afb93abe7834f5622a10c0fb5395f1d6b44c86bb930208c8a504a9c835183dc1a72be783549dcca50274981e1b8f7a915d9795355a955d93a1fc2a93b1938d8b8b329fbdc1a783dc1aa8b329fbdc548ae472ad4d344dbb9643fa8a922970783f8d5513f6614f5756e86a93b1128291a56b78d19e4d6ad86a2460862315ce4733a9fbd56adef19319e3e95bd3aad1c55b0b191d8d96a8ca4156fcab6f4fd7cae0eee7eb5c3596a4bc02ff8d6a5ade6ef991ff2af469625a3c5c4e05c958f57f879f163c51f0fbc4f61e33f05f886eb4cd574db813595f5a4a52489c7707dc7047420907835ee9e3ff0d783ff006d5f0adffc5df845a15b699f1174eb66baf1b781ec102c7aba0e64d4f4f4f5c9ccb6e32472cb9eff00235a6a522e3e63f9d745e0bf88be26f02f88ec7c61e10d7ae74dd534db859ec6fad25d92c122f4607fc82090720d74cea7b56a71769ad9f75d9f75f8a7aad77e2c3d396194a8558735193bb5d53e9383e925f7497bb2bab38f3fe2bd0926562a33d718af3bd7f452ac536f4e87d2bed0f1ae89e17fdb33c397bf143e16e8b6da6fc48d3eddeebc65e0ab08b645acc6bcbea7a7a7f7fa19adc720e5d06322be5cf11e929282cab5c15e30c445b4acd6ebb3ff0027d1f5fbd2f6f0b2ad97ce29cb9a0fe192da4bf46b6945ea9f959bf2abeb32ac518608acab8830738aecb5cd28ab3305fc6b9cbfb5e776d3ef5e056a4e2cfb1c2e21548dcc3b88491b80e6aa3a9fa62b5278883d38aa5711056240ae1946c7af4a77d0a8c3231514a9919a9d860e2a375e7eb58c91d5165475e734c71919a9e54c1c11d6a1c76359b5a1d10640ebcfd6a165c8c559917b63e950b8ef5949686f165775dca571cfa542c3b55971839a8255c3702b17a1d11642c074cd58d2357bbd26ed6e6da4c30e181e8e3d0d40e39ce6a39060d2bb84ae8d5c63522e32574cf43d3f52b3d6ac96f2d9ca95fbc0fde89bd3e9fcea0bc729bc1419eb2463bffb4bfe7f5ae2349d76eb48ba171049861c3293c38f435d347ac5aeb36ab736ce401d57f8a36f4fa7f3aef862635636ebfd7f5fd69e2d6c04f0f52eb58ff5a7f97f9eeffb5ce795bd423b129cff003a295342d7ee104f1786e7911c065912ddc86079041dbc83454f3bfeae5fb2f23d03cc3fdea0bffb5fad43bc51e6a7ad7b9cc7c8f2b25debeb46f5a84ca33c114866ff002297307293173d8534b91c9351198f41fad34c87aeec7d29730f9494b81cd35a5a88b8eb9cd34b93d2936cb51246909e49c53e18cb3023aff2a6431348c33f855cb6843108bd3b9a714db264d455d8fb6b6699b03851d4d6ce9da7ee65455c9ec2a3d36c0c802edc0ec2bb0f0c7879a675548b278c9c57a187c3b9b3c6c763634a2db649e18f0d3cee9b938cfa57af7c37f873717d2471a5a9c1238c537e1a7c359afa48cb41d48ea2bea9f865f0ff00e17fc20f87937c75f8f1adb68fe12b098428f1a8377acde6095b1b246ff592b63e67fb910f99cf407e9e851a181a1edab6cbf3e892eadf45ff0005afccf34cc71d99e2d60b04af395fe496f26fa462b5937a25ddb49d8f83bf03bc11e05f025efc6cf8e3af0f0ff8334403edfa8b441e6bb9b04a59da4448fb45cbe30b18385077310a2be42fdb9bf6e9f14fed33add968da0d90f0cf80b4091d7c19e14b59cb4506e1b5e6bc3ff2daf2403e694fddfba9b40c355fdb3ff6d8f1afed3fe288ae357b35d17c35a12987c31e0dd3a43e4e8517fcf453c19e59300c93b0dce73d17e41f34ebdae49753bb3b46ef2025803f25cae3a8f46c7f9c631f3f9966153133e7a9d3e18f48ff009cbbbe9b47af37dbf0cf0ee1729a0e147de9cfe3a8d59cfaf2abeb1a69eaa3bcb494feca855d6f530c1a300a221cb440fcd6edeabeabfe7dab9dbfba6676ddb4b38f9803f2cc3d47a1a96ff51320f304cd85e2395baa1feeb7a8ff003ee722ea62c183c6ca01cb440f2a7fbcbedfe7dabe6abd5727fd7f5fd7c97e8f84c3460b45fd7f5fd5f5715ccfc897cc38ce1246ea3fd96f6aa33b8394db8e72e8a7953eab524f2333677a9661c37f0c83d0fa1aa92b8230ae42a9c6e3d633e87d4579f39367b74a16febfafebee6c9e4666c23292c319fe1907a7d6a1c2e01dc42a9c06c7319f43ed5298865832924f2c83bfb8a36f2195c1278573d1bfd96ac9a6ff00afebfafc7a569fd7f5fd7968a3f2f92a53b65e307aff00b4b460e432b025b847ece3fba7d0d3f6a05c6d60aa7a7f1447fa8a52a0920a29246597b483d47a1ff3ef4acffafebfafc0777fd7f5fd7e2440285e0b0553ff000288ff00514a549ca95049fbc80f0e3d47bff9f7a902af0e1fd92461d3fd96a4f2d402a5180072c83aa1f55f6ff3ed472ff5fd7f5fa177fd7f5fd7aeeceeac1cfa2487ff00416a4daa011b580072c9dd0fa8f6ff003ed5295f9ba29661c7f7651fd0d26100ddb8800e11cf58cfa37b7f9f7a2dfd7f5fd7e6177fd7f5fd7de866d24f62cc3fe0320ff1a42b850c2420038573d53d8fb549e5a9254c7eef1a9ffc7968f2fe60c1c12c30ac47120f43e87fcfb5167fd7f5fd7e65dff5fd7f5e9b4663c6e431f4e5e31dbfda5a3692430da4b0f95bb38f43ef4f3180bcb10aa7fe0511fea2831be4a940491978c1e1c7f797dffcfbd2b7f5fd7f5f90effd7f5fd7e0c8b0bb7924053c13d633e87da94a677294049e5d01fbdfed2fbd3fe6c87ddc9e12423aff00b2d485540c1560aa72547de8cfa8f514adfd7f5fd7e85ffafebfaf9eed1c6d656e4f0ae7bfb353a372832b90aa7951f7a33ea3da8da49c614961c8cfcb20f51e8681c15904870385908fbbfecb50b4febfafebef0d1ff5fd7f5f346a69baacd0b90304b8f9d01f9651ea3d0ff9f7afb03e097ed2de1dfda5743b2f84ff001e3c4105a78c60812d3c2de38d4a5089aa281b63d3b5373c2c83848aecfb24a7a3d7c5a8769236118e5901e57fda5abf65a83c6f9ca92c31c8f9665c743ef8aedc3626a509a945eabfaf9a7dbf2679b8dc0d1c4d2709c6f17bafc9aecd747f9aba3e94f8a7f0bb5af09eb579a2eb5a44f677b67334575697119592271d55876fea391c1af36bfb292da4208e9d6bd4fe0a7ed1be1ef8bbe1eb2f83ff001e75d8ed350b3896d7c27e38be7e6050309a7ea2dd5a0e8b15c125a0c80dba3e5687c51f863ad784f5bbbd175bd2a4b4bcb590a5c4120e54f50411c3291c86195604104835f44aa52c6d3e78692eabf55e5fd33e1e786c4e4f5bd9cdf3537f0cbf47d9afb9eeb4dbcc5810770a1583559beb292da420a631d455423f897f1ae39269d99e8c64a6ae878247229eac0f5a895f3c1a7524fb89c4955c8eb522c808a815f1c1a703dc1aa4c868b0091c8a78707ad57597152061df8ab4c871ec4c188e869c1c1ebc542188a70707af156a4434992d28665e86a3048e869438ef557b99ba64cb3ff787e54f5911ba1aae083d0d2d066e0fa96448ebd1aa58ae0f461cd520ecbc86a709d875029dd90e26ac372a31926afd9df852006ac182e87dd6e3d2acc572a1b86ada151a39ea51e65b1d45b5e171b91ce476cd5b8efa4181bb9ae66d6f4af01bf5ad082f77705b9f635d70aa99e6d5c3d9ec755e16f1c7893c17e20b2f15784f5cb8d3b53d3ae167b1beb490a4b04aa72194f63fa1e878af63f15e93e1bfdafbc3f7bf11be1d68b6fa77c47b0b56b9f16f846c630916b91a8cbea36118ff0096a00ccd6ca3b974ee2be766b96cfdf3f5ab5e1ff186bfe10d72cfc4de1ad5ee2c350b0b859ecaf6d65292412a9cabab0e841a2a36da927aafeacfcbf2dd79e98671a7174e716e0f75d9ff00347b497dcd68eeb6cdd6f4f56c920609ae4756d38c6cc71f957d39e25b1f0ffed6ba1dd78efc0ba4dbe9df116caddee3c51e16b388245af46ab97d42c5070b3000b4d6ebd79741d457cfdabda0752db7a75ae4abcb5a37d9f55fd7e67a54635307349bbc5ecfbafd1aea9eabd2cdf0f796db322b3ee22041c5747a9d96dcfcbc5635d42cad9c579556163e86855ba31a78c8e7150b0c8abf710e38db9f7aa72215635c7247a94e49a2b4ab915038e7356e45ed8aad2af506b1674c190b8ef50c8bd4558232306a171c66a1a3a62c81c7150ca808cfa55860324542f80086358491bc195dba557b87da0e7f0a9a57001e6a95c4b93ed58cdd8eca50bb209a439e0f35ee1fb297c00d3b5dd3ee7e3efc6ad41f49f0068ac7ce79321f59981c0b78870597760123924ed5ee466feccbfb3658fc4c8aefe2c7c58d45b46f87de1f6dfaaea2e4a3dfbaf3f6583bb1246d665c919007cc78bdfb427c7cbef8c9aa5ae8ba2698ba3f84b434f23c39e1fb7012382251b43b81c190803fdd1c0ee4aa34e529731d35ea53a54ecd5dbe87ac4dff000533f13d84cf63e19f843a3c1a6c0c63d3e092ed95a3801c46a42ae010a00c0e3d28af98762fa515d5cacf3feb75fb9e97bc7a1a3cc1e951ef1e868f316bdde63e1391127987b0a4de7d0530caa290cc3b51cc350242cc7bd2544d3530cd4aecae4272ea3bd3a105ce715142864e5bf006adc11962140fa9a715726568a25810bfca3f135afa6d81665017f0a834eb1dc41c7d3debacf0ee886591311e493debbf0f45cde88f1f1b8a54e2eeec5af0cf871e7751b3249ef5eb7f0f3c0cb2c919f20b9fa71597e03f063dd4a81e3c8c8cf15ef9a71f865fb3bfc3db7f8c1f1b2179adaeb78f0b7852dae04579e269d3aa2311fb9b543feb6e0ffb89b9fa7d350a587c150f6d5de9dbab7d9777fd3b23f3ec7e271d9ae2bea9818de6fabda2baca4f649756fd126da4fa9f09e87f0cfe06fc376f8f1f1fee67b7f0edbc8d1697a3d8b05bef115d2f26dad41ced41ff002d2e082910e396216be46fda97f6b0f887fb4b78dc789bc67716b6d63656a6d7c37e19d372ba669f639c882dd09f95cfde790fcd2365989e36f39fb407ed2bf107f685f1c3fc44f889ab46248e316da4dad9c3e55ae8b6ca7e4b2821ce22817d3a924b312c7757956afab349e646d1e0677496e87ee9ff009e91fe3cff00f5faf878eccaae22a73cf4b7c2ba457eadf57f25a5d3facc8f8730b965274e9be694ace737f14dae9fdd845fc30befef4af36a49fae6b6253e67da9caa92b1cce7e688ff0071fd47f9f435cdea57c18bc6622003992153d0ff007d0ff9fcfa97fa8b48e18c8a59c6124fe1987f74fa1ff3ed5917774a57824221c29fe284fa7b8ff3d2bc0af5a52777fd7f5fd775f7584c2c60ac97f5fd7f49dd34bbbb791f7ef0c587cad8f9651e87dffcfb5674f3b11b8315553f2b1fbd11f43ea2a4b891d9994c6093cbc60f0dfed2fbff009f7aab2ca4b031c80b1e1643dffd96f7af3a72bbfebfafebe6fdba54ecbfafebfaeda28e72773478058f2f18efee3dea203243071cf08e7a37fb2def4e08b8390c154f2a3ac67d47a8a5f2f276e03330c91fc320f51ef589d49b5fd7f5fd7de99b540230c154fccbfc519f51ea297682c46d525864af6907a8f7a761787dc7ae16423a7fb2d4a02e4a98f0072e83aa9fef2d03bbfebfafebf171e380c1ce41c2487aff00bad4842f2a62f9472f183ca1fef2fb7f9f6a94039dc029661d7f8641fe34985da0866014fcac47cd19f43ea3fcfbd16febfafebf315ffafebfafc538c025bf84b30ff80ca3fa1a4e36860c42838572398cfa1f6ff3ef52b212593caf778c1ebfed2d196dcaeae096184908e1c7f75bdffcfb516febfafebf577febfafebe5b47b464a98bdde207ff001e5a07243065248c2b91c483d0fbff009f6a906d55c7ccaaa7fe0509fea28619243440b11f3c79e241eabeff00e7de8b7f5fd7f5f905ff00afebfafc191e23dbc6e0aa7fe0511fea28284b152809619641d1c7f797dffcfbd3fe52410fd788e523affb2d4158f69508405396407988fa8f6ff3ed45bfafebfafd0bbfebfafebd776609224593af0921ff00d05a9368da4152029e54758cfa8f51fe7daa4284b7dd52cc3a7f0ca3fa1a4da0286f3480a70b211ca1feeb7f9ff1a3fafebfaff31ddff5fd7f5f7a18431e30accc391fc328f51ef41c70fbce01c248c3ee9feeb53cc64654c678e5e20791fed2d26d6c83904b8c2b7f0ca3d0fbd2b7f5fd7f5fabe6febfafebe5b4651794287d5e31d54ff7968d849c86059870c7eec83d0fa1a7fca17a90a8700ff1447d0fa8a52a72ca63049e5e31d1bfda5a2dfd7f5fd7e43e65fd7f5fd7dcc88aed50c1880a701bbc67d0fa8a729392a5304f2f18e87fda5a7004b06128248c2487a3ff00b2def4842a8c608553c8ef11f6f6a565fd7f5fd7e45d3febfafebcf7b7677af1bab2c809230ae470e3fbac3fcff4afa0fe08fed11a178afc3769f077e386a861b5b38841e1af15ce1a497461fc36b738cb4d65d971f3404e5729951f390fbe415059864a83c483d47bd59b5ba68caba4e411c24a7b7fb2d5d342bd4a33528bb35fd7f5fd33931385a75e9b84d5d3dd7f5f835aae9d51f45fc4af86fab785f569f47d5ec443750e0908e1d1d186564475cac91b0c157524303906bcfaface5b6724ae31d6ba1f82ff001f34b974383e137c609e4fec6b7cae8bad04324fa0331cedc0e65b32725a21ca125d39dcadb3f113c057be1fd48d8df471ee68966826b794490dcc4c329344ebc491b0e430ebf50457bb0a90c64399692eabfcbcbf23e3abe16ae5952cdde9bd9f6f27e7f83dd75479d9f51f952ac9daa7bdb27b690ab2d54718e476ae76aceccde2d4913820f2280483c542b277cfe3520707ad09d81c7b92ab83c1e29c188a8a94311549a643893a483a038a78707ad570e0d38311d2a936886afb938247434e120ee2a0120ce7a53d64154a489e5ec4c083d0d28722a10c0f39a70661dea94992d7725127a8a50c0f7a8849ea2943afad3e625c5325a9239b1c3fe755f23d68c9f5a6a48974d32fc33ffb5c7ad5c86e483c1ac6495d0e41a9e1bc653838c56919d8e7a987b9bb15c6e1cb7e19a494b0190c707b5675bde918c63f0ab4b741874cfaf35ba9dd1c6e8b8b2de8be23d6fc2dacdaf887c3bab5c595f58dc24f67776b294920914e55d58720835eabaedae8bfb52e9573e31f06e990597c43b481ae3c47e1db488245afc6a32f7d6683016e00cb4d6e3ef72e83ef2d78d4fc8c8151d86bfabf87b53b7d6b45d426b3bdb49966b5bab690a490c8a72aeac39520f7158d4deeb73bb0b3518b84f58bdd76f35d9fe0d68f4daaea16e1815238c5606a168509c8e95eebabc3a57ed37a7dc78afc31a6c167f106da169b5cd0ad23091f8851465ef6d1070b72065a5807df00ba0cee5af1bd421574dc307d081d4572ced33d08539e1ed7775d1f75fe6baae9e966735710e3f3aa1711e335b575060918aceb98b208ef5c55227a942a19922e3f0a8261deae4a99ed55a55e0822b924ac7a10772ab0c1351c8bdbd6a59077a8e4c019359c8ea8bba2bb8ef556e9c01c1e6ac5c4bb54e6b3ae25ddcff5ae7a8d23b2941b6437131e429cd7a67ecd7fb389f8c37977e35f1dea8744f02f87ff007be21d6e43b770183f6784f79187719db9f520557fd9d3f678d43e39eb775aaeb7aa0d17c23a1a79de25f114df2a5bc63931a13c34ac3a0e700e4f607abf8f1f1d34ff001bd9d97c2ff85fa49d17c07a0fc9a4694836b5cb0ce6e66fef3924919e99c9e49aca149d4777b1dd3ab0c353bbdfa107ed01f1e47c4f92cfc13e07d20689e09d057cad03428176ae00c79d281c348dc9e7eeee3d4924f9b0423a2d49457628d8f267525525cd2633637a514fa28e5645ced779f4146f6f5a877afad1bd6bd5e667ce7293190ff7a90be7ab543bc7a51e67b52bb1f292ef514e891a420e38a8a30d21e9c55c85001ce09a6b5644ac913c31f0154649ad2d3eccb90002467938eb55acadc63804b1ebed5d168ba748eca02639e98aeca34eecf2f175f9517bc3fa334ac094c0ee7d2bd1bc19e1c467461193fd0563f85741deca597217ae6bd86ca7f087c0bf0eda78bfc7fa6c57fac6a11ac9e1cf0ace7025047c97978010d1db0e1923fbd3e31c2658fbf8754b0d0e79fc9757fd7e1d4f8ec67d671f55d1a2d2eedec9777fa2ddbd12bedb53f883e1efecdde04b5f89df176c96f2e6fe22fe14f07ac8524d5cf417370c08686c55b8320c34a4148ff89d7e58f8c1f1afe207c6df1cdefc40f89bab35fea774a892408bb22b581388a2b441c450a0e1635c01fef124c1f14fc5fe37f1c78caf7c75f10b5c9b53d535390c935f5c60091470a8aabf2c68a3e558d4054500018ae22fef9614c07611a9f9587de80fb7aaff009e9d3c8c6e36b622af3d4e9a25d12ff83d5f5f4b5be9f2aca70981c3fb2c3eb7b3949ef37ddf64b5e58ad179caedcd7fa9caec241329775c4729fbb32ff75bd0ff009f5158b7b78857e677088781fc501feabfe7a742f2f247675955599c664887dd947f797d0ff9f4359b737403090cd93d2395bbff00b0ff00e7f5af22ad56f7febfafebb9f4b87c3463b7f5fd7f5a5d24bab9e583a292c32f103c483fbcbeff00e7deb3e69d8b093cdebc47211d7fd96a74d26720a95553928bf7a33eabedfe7daab4d24858aaed6671cff7641edef5c339dffafebfafc7d7a74f957f5fd7f5db551cf2900a052029f9973f3447d47b545b493c85666ea3f8651fe34fd8787f30800e15cf543e8dfe7fc697ca032a55b8e5e353c8ff00696b2febfafebfc8e94d2febfafebef7182b80448400709237553fdd6a02ae0a9438eae83aaffb4b52ec1b837ca4b0f958fdd907a1f434815146464053c36398cfa1f514839bfafebfafc9b3049cee04b0e0e38907a1f7a300286c90abd1b1cc67d0fb7f9f7a94a312c862c93cbc63a37fb4bef47cd90e1b24f0921e8c3fbadef40b9bfafebfafc944637dcc9e573d5a31dffda5a5c39218372dc2b91c3fb1a936617186014f4fe288fa8f514be5b92432a92c32ca0f120f51effe7de80e6febfafebf3213190b8dac150e783f3447fc2831b97286304b0cb20fbb20f51eff00e7dea50a7e570fd38490f6ff0065a83112acac840072c83aa1fef2fa8ff3ed47f5fd7f5ff01f37f5fd7f5f3de10aff002bab9f4494ff00e82d46de0a98d80072c83ac67d47b7f9f6a976485ba2b330e3fbb30fe87fcfd131850fbd82a9c2c847319f46f6ff003ef47f5fd7f5fe61cdfd7f5fd7e288b049e42b330e7fbb28ff001a32b856121001c248c3943fdd6f6ff3ef529427746d173d5e25ff00d097fcfeb4bce55830258615c8e241e87d0ff9f5147f5fd7f5f8eef997f5fd7f5e9b43b382863231cbc60f4ff697fcfeb40077060e0b30c2b11f2ca3d0fbff009f6a902c617182aaa7aff1427fa8ff003d2831fcc54c7c9e5e307871fde5f7ff003ef47f5fd7f5fe41ccbfafebfafb991614267242a9e0ff001447d0fa8a528dca34792465e31d1bfda5f7a7ec248749793c2487a1ff0065bde90c78046d2029c951f7a23ea3dbfcfb52d3fafebfafc9f37f5fd7f5f3dd809cab87049e1243d1bfd96a431a6d2a54aaa9c951f7a23ea3d4548cac1b9504b0e47f0ca3d47a1a4006030908c70921eabfecb516febfafebf31dff00afebfafc50c284e5700b30e57f8651ea3de902b7cb206e3a2c87a8ff0065a9e5460a98c803978c755ff6968c31390412c383fc320f4fad167fd7f5fd7e6eebfafebfaf4da3dab864f2c80bcb463aa9fef2fb7f9f6a552c1b7020971c1fe1907f8d3fe5c06c9015b0188f9a33e87da90c7c9529c9e5a31dff00da5a5fd7f5fd7f90eeff00afebfafb992dbdc98c29dec029f964fe28cfa1f6af56f83ff1b2d34dd2d3e1afc4959a7f0fef66b2b98537dc68d2b1f9a5801fbf0b1e6483a1fbcb87ebe46bbc10e1c127857ecfec7dea582e163c2b642a9e0f78cff515b52ab3a52528bfebfafebb73d6a34eb41c64ae9eebbff5f7df6b3dfdefc6fe0bb8d2674124b05c4371089ec6fed1f7c17709fbb2c4dfc4a7f3041040208ae2af6d1e07208e94ef853f1813c3b667c0fe358a5bdf0fdc4c65d90e0cd6129e0dcdb67bff007e2276c8073860ac3aaf17f85458886eadaf21bcb3bc8bcdd3b51b524c3771ff00794f623a321f991b2a466bd9855862e3da47cb6230b532e95d6b4ff15e4ff47d7d7438862474a54939a9af2d1e07219703e9d2ab1e2b3778bb3348da51bc76275971c66a40e0fb5550c453964a0971459a50c474350acb8a78901ed4d368871ee481c77a706f4351820f4a2ab9910e24a1dbbd3965f53508761de97ccf6a64d9a27127a907f1a70718c9aafb94f7a50c7b1a77626bc8b0082320d01bd0feb5009187a7e54be67b7eb4f985cb127dcdeb4ab2153cd41e6fd7f3a3cdf734730b95772dc73b0395356a1bd6eee3359626e41cd4a970879c9e2ae350ce54b996e6ba5cf9831b8722abde2865dc0f4f4aad15cede86a7172b20f7f7ad3993473fb37095ee57b4d4f52d0f508356d26fe6b6bab59965b6b9b790a49148a72aeac39520f208af47d4c69ffb47d9cfafe81630daf8fa089a6d5f47b78c247e2045197bbb641c2dd01cc900e2400ba0cee5af37b94470700d5486eafb49be8b52d36ee5b7b8b79565b7b882528f13a9cab2b0e5482010477ae7a8ada9e961aa46ce32d53e9faaecff00e19e854bd419dc3d6b3ae63f98e057ab6a4961fb40594dace8d6915b78e6189a5d4f4d810247e2045196b9b741c2dd0033242a312f2e8376e53e5d729f2e7a7e15849a99d9183a4d6b74f67fd75ee8cbb98bf8876eb552640739ad2b84c938ee2a8ce9b7a8ae49c753be94b433e6523208aad71260119ab578c14d65ddce6b9672b23d3a316c82ee6cb633f5aecfe00fc00f107c77f134d00be4d2bc3fa547f68f11f886e7886c201c9e4f064201dabf89e0545f03be0878a3e3b78bdb41d1a58ecb4fb38fed1ae6b775c5be9d6c325a4763c6700ed5cfcc47a026bd07e33fc5bf0ca78660f80df032092cbc15a5c9ba6b83c4fae5c8fbd7339ea54900aa9e3a1c0c0039e307525e47a3cf0c3d3e697cbcc83e39fc68d0b5dd1ad3e0c7c1bd3db4af01688ffe896fd25d4e6079ba9cf56627900fd4f3803cbf60ee6a610fad3844074fe55d4924ac8f2aad79d59b9499008c7f74d284ff0067f3153841de8083b2d55999f3907967fba28ab1b3fd9fd28a2cc9e637bccf6a379f4a8fcc3d8526f3e82bb7999e67292176a552cec066a30ccc7000a9e0538cff004a136c4d589ede3e455fb487a123af4aab6b1ef7c92703a7bd6c6996bb9c3329fcaba6942ece0c454514686916232091f8e2bb1f0fe9db009020181d4f6ac6d16cf90d81ee6bd13fb634ef8356f0cd7d690ddf8ae588c963a74e81e2d238c89ee14e434dd0a42785e19fb257ab4bd9d18f34b5f23e7ab2ab8b9b841d9757d17f9bec96afef6ba43a9e89f02f438f5ff12d8417fe2696049f46f0e5d26e8ed15bee5dde2fa7468edcf3270cf84c06f2df10f8b35ef14788ee7c49e24d566bdbfbcd4ccb757772fb9e46dbd49f61c0038000000031597abeb97bac5e5d6adabea335ddd5ca24b737571297926766c96663c927d6a9dcdf37dac8078fb71c7fdf344ab4a6f9a5bfe5e4bfad49787a70a7eca9ab47f16edbb7d5f6e8968bab66ad2417566b1dda071f6691864f43bb83f5ae275cb69b4f9883216e015900e3079c1adfbcbc22d465b9fb249ffa15656ab32ccb2c72f219a118fc2b83112551799ec6022e8cb6d0e5eee41182369d99cec5eb19f55f6f6fff00555296566725b6b3b8e47f0ca3fa1ff3f4bfa95ab40ece18ed3232a37d0f4acab85c6e5542549cb203faad78f52e9b3eae872b8a7fd7f5fd7991cb30c0d8e700e124ee87fbadea3fcfbd4451882a53be5e307a7fb4b5280db810e0b30c2b76907a1f43fe7da93e40010582a9ea7ef447fa8ae777674dd2febfafebcf46dda721b706661f2b7f0c83d0fa1ff3ed40540b92582a9e1bf8a23efea2a42acccc863c93cbc63a38fef2fa1ff3ef4286255d641e89211d7fd96145839bfafebfafc526ecc1285064f2f1e786ff00697dff00cfbd001c8612649e12423861fdd6f7a76c017041555392a07cd11f51ea3fcfb53b612e55802cc3257f8651ea3d0d3b21733febfafebd3551945008da42a9c91fc511f51ea2976fcc41405987ccb9f9651ea3d0d3c05c071210338494f553fdd6f5a36000a98c800e5e30795ff6968b20bbfebfafebf17185180c1fd9652391fecb51b17054c7800e5a31d53fda5f6ff3ed52ed6273f29661c123e5947a1f4349b57018390aa7e563f7a23e87dbfcfbd165fd7f5fd7e22bbfebfafebef4db824e7e52ce3aff000ca3fa1a4f9400c09014e158f58cfa1f51fe7dea4284964308cf59221dff00da5a00e4307049184908e1ff00d96f7ff3ed45bfafebfafd4bff005fd7f5f2d146507cd1347eef183ff8f29a4c36e0c1d4b30c2487a483fbade87fcfb54a1542f20808791fc511fea2831839464562c32e83a483d47a1ff3ef45bfafebfafc8777fd7f5fd7dcc84aa6de032a21ff0081427faaff004f6e8142494650588cbc63a483fbca7d7fcfbd49b7055c49ed1ca7ff00416ff3faf54f2d154aec60aa72d183f3447fbcbea3fcfb52b2febfafebf2777fd7f5fd7aeec0b92ac24f68e561d7fd96ff003ffd76f94bb48319014fcc8a7e688fa8f51fe7daa5f2c9623e56671d3f8261fd0ff9e9d136e30c2438538490f543fdd6f51fe7de8b2febfafebf10e67fd7f5fd7de88da339c614b38e9fc328f6f43485470cb21001c2c87aa9feeb7b7f9f7a97611ba331103397881fbbfed29a002c436e52cc30ac47cb28f43e87fcfb5167fd7f5fd7aeef9bfafebfaf96d09423286238ead1a9e57fda5a423710c769661856fe1947a1f43fe7daa5c205ce59554f0dfc511f43ea3fcfbd0d1b6590c792465e31d1bfda5f7ff3ef4adfd7f5fd7e43e6febfafebf0643b106183b2aa9c062398cfa1f51418dfe652809eae80f5ff00696a52992ae1c648c2487a37fb2deffe7da9be5803a1014f23f8a23edea297f5fd7f5ff02b99ff005fd7f5ebbc479c36e193c2b91c38f46f7a4c2edee154f4ef19fea2a62adb8ab2025872bda41ea3d0d376a6d0c1c8e70b21edfecb53febfafebfcc6a4bfafebfafbd11b06c91b14923e651d1c7a8f7a31d1849ec9211ff8eb53cc6402a5781cb203cafb8f6a40a09f9b0491f838ff001a562aff00d7f5fd7cb6589ca7c8c0800e5933ca1f51ed5dbfc34f8a73785637f0df886ddaff0042bc903dc5a2380f13e31f68818fdc94771f764036b762386da080431001c2b1eabec7daa48a429f294e3ab20fe62b484e54e5746752119c5a6af7febfaff8667b2f88bc3f0c5041aa6997d1df69d7a85ec351857093a8ea083cc722f01a33ca9f50413cbdeda3c0c78e33d0d677c3df88d71e147934dd42dcdf6917ac0ded833eddc4749636ff0096732f66ee3e56041c5765ad69166f670eb3a3df2dee9d779fb2de04dbb88eb1baff00cb3957ba1fa8c820d7a90af1c42b3f88f9ec460e583973c3587e5ff03cfefd77e5371078fd69c1c1a92f2d1a162ca3e5fe555f70070693562535244a188e869eb260d42188e86943fa8a398397b16165ff00229cb2fbfe755c10790694391d79a77466e28b41c1a0107a1aae25229cb267be6993c8fa13d1923a1a884a7b934ef373dc53bb25c7c893737ad1bda9824f6a5deb4f998b950ff33da8f307714cdca7bd2e41e868e61728ede3d0d2f983de99451cc1ca4a9718e093534775ce0d54a50db7a9e2a948974d32ff009db86303f3aaf709b867814c8e6039c8fce9fe7238c6322a9bba25439594167bcd36f22bfb1ba9609a1956486685ca3c6ea72acac3904100823a576b7cb6bf1dad64d534eb78adfc6b0c65efec214091ebe8a32d3c2a3016e8004bc43fd6f2e8376e53c8dd44b22f0b59e24bbb2ba8ef6d2e24866864578a689caba329cab291c82080411c8ae69c5dee8f470f563cbcb2574ffafbcab2af18239ce391542efe506bd1f5292cfe335b3ea3670470f8ca242f7b6b1a854d7540cb4d1a8e16e8004ba0e25fbca37e55bccb509cb31c139ae6a934d1dd4e94a32d366666a12609c7e15b3f077e0c78c7e3af8d93c23e148d238e3433ea7aa5cf16fa75b2fdf9a56e80019c0ce588c0f6b9f09fe0d78e7e3a78eed7c01e06d384973700bdc5ccc76c16500fbf3ccdd16351d7b93803935e9df167e227823e1c7825ff00670fd9f2f0c9a2ac80f8abc4e176cfe21b95e0f2395b75390a9d08f6e4f1b839c8f6a94a146973cfe5e6677c5bf8a1e11f0ef8457f67df808648bc2d692e758d6186d9fc437431ba690f5f2811f2a74c63b015e59b1a9e54a8e9456d1828ab23cfab5e55a7cd21a107734bb5476a70563da97cb3dcd57299730dc0f4a29c107734a231e94f950b998ca2a4f2c7f74d1472a0bb2df9bee6944849e09aae66cff17e952c00b36e6cfd2b4460e36459b74cf27f9d5ab7899db628fc6abc448e957ac6027e6615b415d9cb55d917aca05c800f02ba1d26d3732aaa96662000ab9249e83deb2f49b392e268e08636792460b1a22e5989e00007527a0aeb66d622f8776f2db6932a4baffd9c97bc8d83269b9214ac67a34fd433748fa2fcdc8ef838d35dd9e455a73aef7b2eaffaea741fdb36ff0009d163b648e6f14f9c8bb1d43268f9fe261d1ae7d17958b39397c05e205e4f34bf69b99de4925370f2c923966762492c49e4927249eb55d0b1bc6258926f62c92724f1eb490c984424ff00cb2b83d3eb5a733bddee73c945a518ab25d3f57ddffc32d096e270207c8ff97687f9d4175744de1c37fcbfb671feed457539f29d54ff00cbbdbd54b9b806f383ff002ff20dc3fdca89cf42a9d1b95eeeebfd15403cfd8dfbff00b5546ee5c49264ff00cb68793f4a2e6e02d90c9e960dff00a1d53b990bdcb2e78fb54231f8571d49368f5e8d2e5b90cb2acc5430caef989cfb551fb22fcaac7398d5f763eee6adc630a84ffd3c1fe751cb916ce47fcfac23f335cd3d59df07cba233ee6c1e12488f72b64b2766f71ef5101cababf5e1253dff00d96adb5586469209000ab398d3279c819aa77fa5cb13b491a025bef29fbb20fe86b19526b547442ba7a3febfafebca8003054a90aa72c80fcd19f51edfe7da9486dc4614b30f997f8651ede86970700ef2a01c2c8c3943fdd6f6ff003ef4be570519318e5e25ea3fda5a8b2febfafebf036e6febfafebf06da3801965200384908e54ff75bd47f9f7a0aae194c640072f18eabfed2ff009ff0a7aaf21832b330c2b1fbb28f43e87fcfb51b5028c6e5553c37f1447d0fb5165fd7f5fd7e45dff5fd7f5eba368077020ab330f958fdd947a1f7c527ca17392029c06fe288fa1f51fe7dea4dbc94310c919788746ff697dffcfbd00b655d5c12788e43d1bfd96f7ff3ed4ec2bff5fd7f5f2d13369c98da219eaf18fe2ff696805c90c1812c309211c3ff00b2deff00e7da9f80148dacaa87903ef447d47a8a528c490501661929fc328f51e87fcfbd16febfafebf20bafebfafebee6a20a02636b0543c81f7a23fe14ed8e495d809619741f7641ea3dff00cfbd3f9255c4878e12523a7fb2d49b0852a636017978c1e53fda5f6ff3ed45bfafebfafd0bff005fd7f5f3d5b39e1d5cfa24a7ff00416a3685054c6405e5a31d633fde5f6ff3ed5261cb7556671c7f7651fe349c6036e6014e15cf58cfa37b7f9f7a2dfd7f5fd7e617febfafebf144643336d21599d7bfdd987f438ff38e8d20001b7b05538490f58cff0075bdbfcfbd4cc3931b45eef10ffd0968eac18302c4615cf4907f74fbff009f6a2dfd7f5fd7ead3febfafebe5b43b47cc8d11e0ee9225edfeda7f9ffeba8dc4865915998615cfdd987a1f7ff3ed4f288a3f89550f07f8a13fd57fcfd0318cb232025865e31d241fde5f7ff3ef4adfd7f5fd7e2877febfafebf0647b542e72c154f07f8a13e87dbfcf4a528c49568c12465e30787ff697dffcfbd3f6b7cb22cc33d23948ebfecb7f9ffebb4a00a5763055392839688fa8f51fe7da972afebfafebd367ccff00afebfaf5dd98c957590648c24c47deff0065bde93cb50bb42b2aa1e57f8a13ea3dbfcfb549b492410a59d791fc328f51ef49c0c3ac8400709211caff00b2d459ff005fd7f5f88737f5fd7f5f8a186362c46d04b0cb28fbb28f51effe7de900042b07e870b237553fdd6ff3fe3526cc650c6401cbc43aaffb4b4b8248395666180c7eeca3d0fa1a56febfafebf5775fd7f5fd7a6d0ec037298c800e5e31d50ff797dbfcfb50532770c1661c1fe1907f8d49b5701833055380c7ac67d0fb7f9f7a4f2c82ca63e7abc63bff00b4b4acbfafebfafc07ccff00afebfafb9911400060480a7018f58cfa1f6a4298ca345cf5641fcc54dd70438248c2b91c37fb27de90a0db82a42a9e9dd0ff008516687ccbfafebfaf5de0d9d0ab6491f2b766f63ef49b08f979001fc54ff854e50f2368c91caf66f71fe7fc69369e1b3ec18ff2348ae67fd7f5fd7e0448cc8c7dfa8ec7deba4f0478eafbc293c919845e69f7585beb095c84980e873fc122ff000b8e474e4120f3c620380318ea3d3e942ee8cee07af5f435516d3ba1492923d4351b1b19ec23d6f43bb375a6dc31586775c3c6f8c98655fe1900edd1872a48e985796c622481c563f843c617de18bc792de359adee10477d63393e5dca039da71c823a861ca9e477cf5b7b6da7ea1a72ebba04ef35848fb4f998f32da43ff2ca503807d1870c06473903be15955567b9e36230ae8373a7f0f6edff0003f230b2477a707f514b730342c481c679a883fa8aad8c959ab928607a1a70661dea10c0f434e0c477a02cc9438ef4bb94f7a8839ee294329ef4ee4b8a25c9f5a50ec2a207b834a1d877a7ccc5caba12890f714be6e7a9350ef3e8297cc1dc51cc2e564de6ff00b5fa51e77bfe950ef1e86977afad3e642e57d89bcef71479bee2a1dcbeb4647a8a3990b93c89bcec77149e70f6a8b72fad1bd7d68e643e4f22613953c37e95224cadf7735554eee80d4881979cd3e613832d860e30473556fc00a70541fa538dc903191f53504ac66ce4e7da8934d0a9c24a57b993752dc433adcdb4cf1bc6e1a3911882ac0e4104720838e6bb7f04f803c43fb5378aedfc33e0cd3a33e349ceebb046c835188637dd3b0188a44077484e15c0c8f9f21b2fc0bf0d3c61f16bc6961f0fbc01a1cda8eada94de5da5ac2393dd998f4545196663c0009af66f88fe30f04feccbe03bff00d9cbe03ebb0ea1ac6a29e57c44f1dda1e6f9c75d3ed1baadb21eac305ce7deb82a42529d91eee1aa5385173a9f0fe6fcbfcfa2f9193f15fc7be06f81fe04b9fd9aff0067bd5d6f239f0be39f1a4236c9ae4e320c109eab6a9d00fe220f50493e172c44b61578ab929dc72a001d87a544c84f22b554d41591cb52bceacf9a5f7762998f07269bb083f76ae7940f5a6b420f017a54b40aa1596263cd3bc9f6fd6a608d8c134be57b1a2c37321f2863391f953846bef530880f4fc69446053b325c887cb5fee1fce8a9b60f53453e562e629420b9c9e82adc208aad0855c7f85598403cd4c7565cf4572ddac5bd865ba56be976735e4f1da5a42f2cb2b858e38d72ccc7a003b9aa3a5dacd7734769676ed24b2361114724d6d4ba943a1da49a568b3abdc48a8b77a8c4dc6d6eb1447fbb8fbcfd5ba0c2f5ea83e57a1c33873ad5e86ca6a90784156c743b95975294c915e5f4672b6c3673142475639c3483a6085eec71a266fb091d07f67f1ff7f0557b3c8923007fcbccd803fdda9d0e2c88207fc83c71ff006d2ba237dcf3eacdbd16ddbee345580bc6f6d421ff00d06ab24a3c98c93c79173fccd39e654bc3f367fe2611e00ff76a819f312163d2dee303f13573958c29d37262dedc1689c0e9e45b556b8b802f339e3edf373ff001515f5cfc920cf3e55b71f85569242d7609ff009fd9bff4115cf299dd4e9d915ee2432d9027a7f679c7fdfca2420ddb81ff003fb00ffc76a390ff00a081ff0050ff00fda94e63fe96e7fe9fe1ff00d06b06ee76a564ff00aee4311f963e7f82e7fad477007d9a41ff004ed6ff00ce9d09cc71f3ff002cee3fad3276cc0e3fe9dedc5672dcd92d49784bd0cbdb5193ff0040ab3a55c457f6d15a5c825da12e5ba630c475fcaa9939bd51ff0051097ff40aaa92bc7681d1b07fb39b91ff005d2929f2b074fda42dd4bfac787ee2ddfcf894124601fe1907a1aca30ed18219550f523e684fa1f51fe7a74eb740d72caf7ccd375208aa1923427b965cff004fd6a2f12f84ae6d1fed76e3b6124c7047f75ab59d052873d331a58c953a9ecab68fa3effd7f5a1ccf90fb8a18812c32f1e7871fde5f7ff3ef4ab0b655c4a32788e53d1bfd96f7ff003ed5234263ca488ca10fcc80fcd11fef0f51fe7da976b6e2bc3338e547dd997d47a1ae5d4eee6febfafebe566a2f2515082182a9e547de88fa8f51fe7da97cb0cc410199d7e651f7651ea3d0ff009f7a9028c07123000e23948e54ff0075ff00cff8d062e0a18480397881e50ff793dbfcfb516617febfafebe766e308bf2c81cf07092b755ff65a8d8803298b001cbc40f287fbcbea3fcfb54be59dc31b599870dfc330f43e87fcf4e29004080ef2150fcae7ef447d1bd47f9f7a2cff00afebfafc42ff00d7f5fd7cee9b360272369671c1fe1987a1f438ff003e8988c286dccaaa70ae47cd11f43edfe7dea5f2f3ba368867ac910eff00ed27f9ff00eb817255d64058f09211c38feeb7bff9f6a767fd7f5fd7e65ffafebfaf968a231a7cc861f792107aff00b4bfe7ff00ae1452c1d6404b0c2c87eec83fbade87fcfb549b004e85514f4fe284ff0055ff003d3a0626c9531296232f183c483fbcbeff00e7de8b3febfafebf00bff5fd7f5f835198a30bd59514ff00c0a13fd57fcf4a4684966408a59865a3ed20fef0f43fe7dea5c01b5d5f3ce23988ff00c75bfcfebd4d8bca946014e5907de8cff797d47f9f6a567fd7f5fd7e45ff00afebfaf9ef0f9672ae241e89291ff8eb535a0daa54c6c154e5917ef447d57d47f9f6ab1b18be7e56671d3f8661fd0ff9fa2602a870e4283859187319feeb7b7f9f7a3fafebfaff0031a9dbfafebfaf9a2b94624e42b33af23f8661fd0ff9fa263003ab1c2f0921ea87fbac3d3fcfbd5831754684e3397894f23fda4ff3faf54281983654961847fe1947a1f43fe7da97f5fd7f5f8ef5cffd7f5fd7cb680af0c8f11e0e5e21fc27fbcb49b4960caca5987cadfc328f43e87fcfb54be52aa6edcca887009fbd09f43ea28685b95310248cbc60f0dfed2fbff9f7a2dfd7f5fd7e43e65fd7f5fd7dcc80aa8405588553c37f1447d0fa8a5d8db990a0c9e5a30786ff00696a4da770612e4918491bf8bfd96f7a4c00a46d60aa791fc519f51ea28b7f5fd7f5fa55effd7f5fd79ef18cf0e181246124ecdfecb7bff9f6a020db82182a9e9fc519fea2a464249f9412c3e651f7641ea3de93690432b93d95cf51fecb52b2febfafebf10bff005fd7f5f8a18509246d0491ca8e8e3d47bd26d1c32b9f4563dbd8d3caf50548c7de41d54fa8a021278c1247e0e3fc69587cdfd7f5fd7e91edc0da571ce4af753ea28da4f3c1247e0c3fc6a4da319c9c0e84f51ec690c60f0063d47f5143482e4450919f4f5ed4d2bce08ebdaa62a41feb8eb414cf4fd69587cc41b39dca7915a9e19f13ea5e1abffb4d99471226cb8b798663b88cf5461fd7a83c820d50f2c7d3dfd29360e430e9c91fd4509d877bee77538d3b55b0fedad0cbbdae42cf0c8dba4b473d11fd54ff000bf46f639159334263391d3f956ef84349b4f86da3ff00c25be2bb7171a96a568c9a4e8b29214c0e306e2e4039da47dc438248ddd81aa97d67677b68dabe8ea7c8181716ced97b563c0c9fe2427a3fe079ebe838ca105cfbbfe95fb5f7b7e573c78ca9569c9d0d93b793efcbdd27a3f3bdae9366550091d0d248ad19e0d2093d4545da2ac99207f514bbd6a3dca7bd2e41e869f30b9490107a1a0123a1a8e8048e869dd0b9592ef6a5f33daa2dedeb46f614ee85ca4bbc7a51bc7a1a8fccf6a3ccf6a05ca49bc7a1a378f4351ef1e868de3d0d01624de3d0d2839e698a41e48a9179fe1a04ec3d738c6295b0a39a0c9b3a633444acc720727a555c8b2184331c91f415afe09f02f8afe2278a6c3c17e0cd0ae352d5752b9582c6c6d90b3cae7e9d00ea4f4001278153f847c1be22f1af886cbc27e15d1ae752d4f52b94b6b0b1b488bcb3cae70a8a07727f2ea7001afa17c67a87873f61cf06defc25f877ac5b6a1f14357b536fe37f15d94a1e3d06161f369764e3fe5ae0959a6539c8da3a709f35ecb77fd5cd29f235cf37682dfcdf65ddbfb92d5f9e37c41f15785bf649f055ff00c09f83daddbea1e35d521fb3fc41f1b58b6e5b71fc5a5d938e88a72249460b1c8fa7ce573293fbb1fe4559d4af1892573c9e326b3f2c4e49cd4d941591a4aacabbe66ac96cba25fd6efabfc149f414846eebd29473d294213d6909e83020c7347979e952841e94b8c718a2c09ea426320d1e59ee6a6319273834df2cf738a39439866c5a36afa548107a52f978fe1a3943988e8a9367fb3fa514f950b98ca8d870055fd3edae6fee12d2d222f239c2a8fd493d80eb93d2a9e9f6f35e4c21b740588249270140ea49ec07ad6bacf1d9c634eb0390650b713e3066ef8f64cf41d4f53d80c20af2b23b6b596af62f1bdb7b1b47d334798399a0717576060c83fb89e89fab77e38a8e3899b2a33ff2c7f9555b40551481ff002c9ff9d5f87764ed1d4c5fcabaa9c5d8f36ad5d6ccb76a81244cff00cf7989ff00be691a53f643b7fe7c5464ff00be2841f3a331cfef66ff00d06a29e6f2ed5949e7ec6bc63fdb15bdd2470a8b9ebd09e5982dcb3679fb7a7f2acd7b82624503a5bcdfccd4b73724dd1c37fcbea7f2aa487f72a71d60979fc4d673936ce8a504849d8957cfa5bff2a6b1ff0048503fe7f27ffd069263f29c9ed07f2a6b362e14ff00d3d4c7ff001dac64ce94b42bc873678f4d3fff006a5293fe96c0f7be8b3ff7cd47337fa230ff00a711ff00a329eec05d139ff97e8bf9545f6364b47fd77208c9f2531ff3c673fce9b3710bf3ff002cadff00952a1c40983ff2c67fe669970df238f54b7fe559b66c96a4858fdac1ff00a7e98ffe3b54c9c5913e9a71ff00d195677e6e324ffcbe4dff00a0d5490e2c4ffd7863ff00225449ee6905b7cbf426595a2be2f1b608be83a7d2bb4f00f8bed750863d135d5de25320f31cfdd00f03f2ae2002d76d83d2f223cffba6ba6f08680fa698757bc42b346498633fc393d4fbd7561255235af1dba9c39953a1530ad4f7e9dee6bf8dfe1e4f63fe9f65cc7ff2ce551f77d8fb5719240f133452427e539788755e7efa1ff3f9d7baf843c49a678862fecbd4e252ee30ead8c3fbfd7f9d735f143e10cfa6a7f6b6988cd6e4929228e633fe1ed5e962b2fe7a7eda82baea783976772a55961716ed2e8fbff5fd754797ec62c08656671856fe1947a1f43fe7da9022ac79dc5554e031fbd09f43ea3fcfbd4f3dacd04af04d00ddd6484747ff00697dff00cfbd3016cabaca324623948e187f75fdff00cfb578f67fd7f5fd7e2fe9f9d35a3febfafead749be536e65318c9e64887f17fb68690063b5d650598623948e1ff00d96f7ff3ed4fd836e3632aa1c91fc509f51eabfe7e8a51998a98c3338cb20fbb30f51e87fcfbd167fd7f5fd7e0ce65fd7f5fd7a59a8fcb50b8c30543f747de84fb7aad0636dc50aa9665cb20fbb28f51e87fcfbd4814e564121eb88e523907fb8d418b0ac9e5300bcbc43ac67fbcbedfe7da8b7f5fd7f5fa2e65fd7f5fd7aeae3da4057594fa47330e47fb2ffe7f5ea18c6190c64053978c7de8cff797dbfcfb549b5cb0c6d6671c1fe1987f43fe7a52630030760aa70b237de88ff75bdbfcfbd167fd7f5fd7e23e6febfafebf14d863627a2b338edf7261fd0e3fcfa2614287dec154e1243d633fdd6f6ff3ef52941f32345ef2443ff435ff003faf530721d5c12c30927f0ca3fbadeffe7da8b3febfafebd7739bfafebfaf96d118c8dc862f79221ffa12ff009fd6930c5815756661857c7cb28f43effe7daa4214282032a21ebfc509feabfe7a745284b3218c12c32f18e920fef2fbff009f7a56febfafebf21f33febfafebee64385099cb0543c13f7a23fd47f9e948d11cb2f96096199230787ff697d0ff009f7a980e8e24c9e91ca475ff0065a90c6a14a842154fcca3ac47d47a8ff3ed4597f5fd7f5f9352febfafebe7bc20747597af11ca47deff0065bdff00cfd50a008559182a1f9907de88fa8f6ff3ed53344db8fcaa59c7ccbfc330f51ef4dc630e24e01c24a7aa1feeb7b7f9f7a9e5febfafebf329497f5fd7f5f7a232ad920a292e3247f0ca3d47a1a698d70acb21c0e1243d54ff0075aa5f2faa188800e5e21d57fda5a0a1272082cc386fe1947a1f7a567fd7f5fd7e65ff00afebfaf96d0b43c15f2ce01cbc6bd57fda5f6a6ec627820b374247120ff1a9c800021880a7827ac67d0fa8a428189578c127964f5f7147f5fd7f5fe45293febfafebee64007cb9c9014e0123943e87da831839013dca8fe62a6319277238391f2b1fe2f634cd98e39001e9dd4ff8516294932320fdecf5e87b37b51807819e3f4a931d41eff91a0c7fddebd8d160b91019ea073d7de829e9527967bf14be591c8fc7da972b0e644417b7af4cf7aed3c25e18d37c23a541e3df1958acf34c37e81a3cc3fd7107fe3e251ff3c94f453f7cfb755f0778474bd17498bc7fe38b2135bc849d1b497e3fb41c1ff58fe9029e09eac781dea978835cd53c49a9cbaceb17265b899817623000030140eca060003a015db4a8aa115526bde7b2ede6ff0045f37a593f23118996326e8d27682d2525d7bc62ff0009496df0a77e671afad6ada96bba94dac6af78f3dcdc3979a573cb1fe807403a00315158ea577a4ddade59cbb5d411c8c860782a41e1811c107ad358654d4520c8e95949b6db7b9d54d460928ab25b791ab710596a36cdaa6929b55066e6d324983fda5cf2c9efd4743d89cc7f97dfe94cb5bdbad3ae16eeca629221f9587e58c771ed5764169aac0f7fa7442392352d7566bd107774f54f51d57e9cd252e8cd5d36f589503834a0fa1a8c82395a6eff00514b989e5b938661de97cc3dc54225ff006a9449ee29f3217292f99ed4bbd6a2127b7e546f1e945d0b94977afad191ea2a3debeb46e5c6734ee85cac9723d6940c9c544083c8a9106401914d6a27a1222f615284da383d6a340aa3f955ab4b6695c00326ad2b98c9db5616f6c642091d7b56f785fc1faaf88f53b6d1343d2ee2f6f6f6e120b3b4b584bcb3cac4058d1472cc490001563c31e11bcd56ee1b4b3b39679e795638218622cf23b101555472c4920003924d7d896de1bd23fe09bde106329b7b9f8efabd8113382b247f0fed245e514f43a9ba9196048815b03e626baa345ab24af27b2fd5f92eafe5bb38278883bb93b423bbdfd12ef27d17ab7649b397d6a2d0bfe09ebe0ebaf05f872fadaf7e356b36261f126b76ceb247e0cb6917e6b1b671906f5d48f36653fbbfb839af9435fd4e4b899e49652cccc4b33364924e4927b9cf39adcf1978867bfbc9679ee1a5965919e592472cccc4e4b12792493924f7ae36fa7f3a4273c52a8a34572a776f77fd74ec8aa552a62e4a72568af863d979f76fabeafb2492ad33995f2698453d8607029a109ebc572eacf46e9680ac4548149a454f414e5523a9a69225c98aa001c9a76dcf01714a9fe78a91707f86aac436ba91f9671d69a63e7245582acdc0148d11029a44b9ab90843d86297cb3dcd4a226ef4a21f5a5ca1cc887cbf7a2a7f24ff747e5451ca4f39991f9705ab59d993e5b2832c8460c873dfd00ec3f3e6acdbc24ca093d671515bc2c38ebf20c81f5ad2b580f9a303a4a3359c21667562273949b1b676ffba0c471e4b7f3aba230a09ffae7cfe14881628401c9f2dbb7bd473ce10b77398f8cf4e2ba57c27049a72ee4924e2265e7f8e5faf4aa171296b5209ff97651ff008f5485cb3ab13cef93f9557739888ffa60bffa10a86cb846d6b8f739b807fe9f17f9540ac44007fd3093f99a95cffa4e4ffcfd29fd2ab93fe8e323fe583ff3350d9b416824ad957e7b43fca9acdfbd53ff004f137fe8344a70188ffa65fca9993e78ff00aef2ff002ace4f53548827e2ddd73d2c947fe3f4e95bfd2411ff003fb1ff002351b90d6edef683ff0043a74847dac13d7ed69fcaa6faa36b6842a711260ffcb09bfad36e7eeb73fc107f2a01fdd2e4ff00cb097a7e34d9db21c7b43fcab2b9b2438b62e3fede66ff00d04557d865b6d84e01b3033ff03a9b04cd9ec2e65cfe42b77c35a02c31c77d7d1e488c08e261d39ce4fe94e14e5565644d4ad0c3c39a43fc3de1d1139d42fa31b8b878636ed81f78fbd6d33f72734d2ec79cd34ba8af4e0a34e36478552a4ebcf9a44d05dcd6d2acf031565390457aa7c2bf895a66ae3fe11df14a23ac8361690f5ffebd790b4b9a586ee6b6944f149b581c822bab0b8ca985a9cd1dbaa3cccc72ca19950e4a9bf46b74cf49f8ddfb3f3e9909f12f8722335848772bc43988ff004af16bab3b8b6b8682788176fbc98c2cc3dbd0ff009f7afa33e037c7ab08c2f843c6ea26b29b08fbfb0a7fed1bfb2f41a7d80f1cf80ffd3747b9f9f745c988f5edd0d76e372ea18ca3f5ac1ffdbd1eabfe07f5b1e3653c418bcab18b2dcd74bfc13be92f2f5fcfd4f9ac1fbaeb2100711ccdd54ff75fdbfcfbd298f86431b000e5e207943fde5f51fe7daad5e585d58dcf933a0de460330c2cc3d0fa37f9fa40000a1c310aad8563f7a13e87d47f9f7af9a6adfd7f5fd7debf415252574ffafebfabdd366199860ab338c03fc330f43e871fe71d131840c199554e15cfde84fa37b7f9f7a95a23f346d10c9e65847f17fb6bfe7f5ea0072b209412c30929e8e3fbadeffe7da8febfafebfe0bbff5fd7f5f2d1465183346d0f3d64881ebfed27f9fd6946e2cacae0b30c2487eec83fbade87fcfb5382a85e8ca887a7f1427faaff9e9d14a316286356661978c1f9651fde5f43fe7de8b7f5fd7f5f90aff00d7f5fd7e0d458554fe20a87fe0509feabfe7e8a509254c6accc32f183f2c83fbc3dffcfbd4801f95d65e9c47291ff8e30ff3f9f54d98054a10aa72f18fbd19fef2fa8ff3ed45bfafebfafd1ddff5fd7f5ebab8f03e5712fb24a7ff00417ff3fad2189402bb59429c941f7a33eabea3fcfb54a54961908cce3b7dd987f43fe7e89b4001c3b00a70b21eb19feeb7b7f9f7a2dfd7f5fd7e617febfafebf1446637c91856671c8fe1987f8d260001c39001c2c8c3943fdd6f6ff003ef5298fef218fa72f103cff00bcb461890c1812c3e57fe1907a1f43fe7da8b7f5fd7f5fa8a5fd7f5fd7cb688a8c1431f7cbc4a795ff0069690862e18152cc3e573f7651e87d0ff9f6a9488f603c8553c1fe288fa7b8a0c792ca06491978c746f75f7a5cbfd7f5fd7e45737f5fd7f5f8320d8a00218aaaf427ac47d0fb7f9f7a468ce591a3e4f2f1a9e08fef2d4c55810ead93d1643fc5fecb5376a85fba42a9c951d633ea3da959ff005fd7f5f93525fd7f5fd7aef194c90db81278590ff17fb27de9a506dc6d3b54f23ba1f6f6a98a12c770525872074907a8f7a42846195cf1c2b1edfec9a564cae6febfafebf222284654804b751d9bdfeb498e01fc98ff00235308f20aecc01c95ee3dc539623ed93f9351ca1cc57fb3a9e0023d573d3dc50603d7b9fd6ac88c81800ff85491db93f7979f4a6a2d93ed1229adbb37057f3aebfc0fe06d26d74c1f103c73116d2d1cae9da7eedafaa4a3f847a423f89ffe0239ab9e04f0069b7360fe38f1b6f8b43b790a450a1db2ea530ff96319fee8e0bbf451c75350f8bbc49a878a7526d42f552355411db5ac0bb62b6897eec683b28fd4f26bba9508d18fb49ad7a2fd5f9765d7d37f27158b9e2aa3a141d92f8a4ba7f762ff009bbbfb2b45ef3f773fc4be21d53c4faabeafab4a1a5701551176a448385445e8aa0700565b0ea2a794739150bfdeac67294a4dbdce9a30852a71841592564888f2315138cad4cc304d44c3922b268e98903f523d6a28ae2e2d2e12e6da568e44394753820d4cfc106abca3071593d8e9833437c5aa235cd944239d4133daa0e1877741e9dcaf6ea38e9519f3f329155d64920944d0c8519482aca7041f5abbbe3d554cb1205ba1cc9128c097d597fdaf55fc47a52bd8b7053d56e45e603fc38fc68dc87bfe95113b86e53f5a40ec29dd13ca4e08ecc3f3a5c9f5fd6abef3e8297ccf6a05cac9c33ff914e5dc7a8a815cf5191f8d4d1927a67f1a0892b226404e054d1ae39351c7c0ea6acd9c0f348300919e07ad6d15739e6ecaec9acecde671f29e7a575fe11f065dea33c691c0cc5d80455524b12700003af3c6297c17e0db9d4e75610b119eb8afd08f82df047c35ff0004f7f87f61f1dbe2e68b6f75f16b56b15baf03f84f50883a785ede45ca6a97d1b75ba656cc16ec3e4e24719da07ad84c1ce6d595e4f65dff00c92ddbe8bcda4fe6f31cce95352e6972c23f14bb5f4492eb293d2315ab7d92935cdf827e1d68dff04dcf04c1e3af1959dbdc7c72d5ec84ba2695711874f01dac8b95ba9d0f07527527644c08855b71f98815f20fc4df1c5eeb7a95d6a17d7d2dc4f733b4b71713c85de576392ccc796624e493d4d75ff1d3e2c6b1e2bd7afb5bd77589ef6f6f2e249aeeeae662f24d2b125e4763cb312724d7886bdabcb772b104e49e3daba312e9e122e117793ddfe8bb25d17cdddb671607db66738d49c7969c7e18f6beedbeb297da7f2568a49d2d4efda672a1b393f31aa0572739a9243ea734c3cf5af164db7767d5422a11b2184738514a13d69ea991c539539e064d24ae53761aa9f80a70419a7ac44d4a90d3e521cec44a849a7ac67a54ab181d69d54919b98c546ef4be58ee69e158f6a511fa9ab466e4860551da969e107619a7046f4c516173115152ec3ea28a2c85ccca76f6a1464ff740c0fad5c5f95fd3f780d4630170a3a0ea452e493927f8bbd4c62a2692a93a8f511e421028e3e4355e56049ebd53f95492b7071fddc542cdc918eeb436ca8c558376307fda93f9544c479679ff009623ff004214e638fcdaa36fbbff00001fcea1b364b515dffd20fa79e3031ed5064792aa7fe793d3ddbe70c4ff00cb5cd424fca00ed1b543dcd20b40949e9ff5cff95479c37fdb593f952c8f82c79fe0e7f0a8dce38c7fcb47fe559bdcd922227f7079ff009761ff00a150edfe92707a5d2ff2a42731951ff3c07fe85485bfd209ff00a7853fa54df536b68317fd52e7fe78c9fd69ae37ee00f68bf950b9645c37fcb37feb5b5a0e86140bebe41caa98e361e83a9ff0a50839bb2155ab1a31bb1fa0e8015c6a17c98224668a33efdcd6c9900ffebd46d212781f89a63381ef5df08a846c8f1aa549569f34891a524530b8ee6985c9a4a1b254452e7b52139e49a6b480531a5cd4b6cd1449a2b87b7904b1390ca7208af78fd9aff69f3e1a93fe10df1ac4b7ba4dd0f2e7826391b4f719e95f3eb4a4d2473cb0c8258dca95390457560f1b5b03554e0ffe09e6e6f9260b3bc1cb0f88574f66b74fa34fa33e95fda63f659d3ce99ff0b2be1a3a5fe897c3ccc4072623d7071d08af99eff4db9d3aebcab8f95c1da9232f0dfec3fbff009f6af74fd9bbf6a1bef04ca7c29e267377a3dd809756b31ca91d3233d0fbd6ff00ed03fb3f683ade987e22fc33992f34dba1ba48917943dd48ec6bd6c5e130f995178ac2e92fb51fd57f5fe47cc6539a63f877171cb3346dc1e94ea37bf94bcfd773e64d8a130032aa1e547de84fa8f55ff3d3a298c925595599865907dd947f787a1ff3ef57b50d367d32e3cb9dd94a9db1ccc3907fb8febf5feb50794a3726c2029cc9103ca1fef29f4f6ffeb8af9a7169d9ff005fd7f5e5fa129c64aebfafebfad757005e55c4bd0ed8e661c8ff0061ff00cfebd50c5852be5901482f12f58cff00797dbfcfb559084b7de46675e0e3e49c7f43fe7a744d881558310aa70b211f3447d1bd47f9f7a2dfd7f5fd7e63e6febfafebf14e0d8e5870a59c704636cc3fa1ff003d293002870ec029c2487ac47fbadea3fcfbd4ed082590c23fbd242a7ff1f4ff003faf53636432c80b30c24847cb28feeb7a1ff3ed4adfd7f5fd7eaf997f5fd7f5e9a280c63e64317bc9103ff8f21a003904382cc308e7eec83d0fa1ff003ed52b449b32772a21eff7a13fd57fcf4e8185b7153102c465e3078907f797d0ff009f7a397fafebfafc87ccfbff005fd7f5b320da817f882a9ff81447fa8a528412a5064f2d183c38fef2fbff009f7a9761f95c49c9e12561d7fd96a4d9852a108553f3283cc67d47b7f9f6a2dfd7f5fd7e8f99ff005fd7f5ebbc58076b7999c8c248ddff00d96a4d8a015dac157aaf78cfa8f6a9769662085258723f8641ebec6936800306200e1643d54ff75bda8b3febfafebf10e64ffafebfaf9a23dac4f2a0961c81d241ebec691914e1b71f4572391ec6a52839529eec80f2beeb49b4939041247071c38f7f7a560bff005fd7f5f2da231e32a17a72c80f23dc502262c39196e9e8ff00fd7a984580181236f43dd3dbdc548b1139529c9e4afafb8a7ca1cf6febfafebef2b88c01c718e84f55f6a7adb96e36f27a81fcc5598accb91b0e49e848ebec6ae5ae9d8c718c7a8e9551837b19ceb4628a50d863aa924feb5d6f803e1c5aeab04be2ef17bc969e1fb1936cd227125e4bd45bc3eac7f89ba20393dab4fe1c7c314f128b8f117896e9ec3c3da6953a95f2afcf231e56de107ef4af838eca39353f8f7c60fe229a1b6b4b14b1d2ec2231697a6427e4b68fff006676eacfd58d77d1c3c69c3da545e8bbfaf97e7b6d767878bcc2a622a3c3d0766be292fb3e4bfbcd7fe02b57af2a31bc69e2bbaf135f2c8d6d1dadadbc7e4e9fa7dbf115a423a228fe6dd58f26b9cb83c904d59b99373963d2aacdcf7ac6acdce4e523b30d4a1469c611564bfaff0082fbbd5955f915149daa661d4542fd3f1ae67b9e8476227fbc6a37eb523f5a649dab396e6d12094739f7a82618cd5893bd412f3f9564f73a2040fd734d0594ee52411c820f434e7e94dace5b1bc772d2ca353e4e16e7b8e826f71e8dfcfebd6b331ed91eb50b120641ab0972b7e764a40b8ece4f12fd7fdaf7eff5a5ccd3d4b71e6d7a8ddcdeb4aac49c5348209046083c834f8c6066a94933368923cf4c7e556a23b7922abc79c0247356205695b18ad15ae633b962da2699bee9fa0aed7c09e0eb8d5ee9156027279acef06785e7d4ee51562ce79fa0afd33fd84ff643f00fecd7f0f34efdaeff0069df0e5b5e5f5dc1f6bf86de05d463045f107e4d52fa33d2d11866389b067600fdc1f37b180c27b49a76bb7b2eadff005ab6f44b57e7f279f66f4f05427294d463157949ec96db2d5b6f48c56b2934975719bf659fd98bc1ff00b137c3ad3bf6a0fda03c3d6b7be36d46d16efe1bf81f51843258a1198f58bf89bb746b7b761f3902461b4007e6afda7ff682d77c79e28d4bc47e21d7a7d4350d42ea49ef2f6e662f24d231cb3313d49fff005702bb3fdb17f6aef11fc4bf166a7e21d7fc4135edf5f5c34977753499676fe800c00070000070057c83e30f14cfa9dcbc924c4e49af7f15569e5d45c22ef397c4d7fe931feeafbe4f57ad92f87cab0f8ccfb131c4e222e34a2ef083df5fb73b68ea496fd22ad087ba9b9d1f12ebd35fdc333484e4f15cfcf26e63efd4d49713b48493dcd4078ebd6be56a4dce5767e99428c694124358522a0c734e0a49e2a548aa2d73a1cac316324f352a43ed4f58c0eb4e033c0a6919398811476a5009e829c2303a9a7ac64f6ab5132721813d69ca9dc2fe352a4400c9eb4e54c741549321c88c4248e7f4a70880eb52843de9762fa552892e4461067a5288ce785a9421ec314be5fbd57292e5e645e51f5fd68a97cbf7a29f293ce8cf7c01814dce39cd12105881ef4c7385c8f6ae7675c50c918d44cc324e69d23e49fae2a273c0f7a86cde31e823b71f4cd46ed843ee0539d8f4a8dd8f4a8344809dcd9cff001544dd383fc245399b009a8d8903af6e2a1b368ad46b9c9e7bb0a8a46c11cf773cd3d9fe7e3d45432b0ce0fbd677d4d2286b362324ff00cf303f5a6f264273ff002d41fd283965dbea056b68da32f17978b919cc687bfb9a23173764554a91a51bc8343d10044bbbb4e83e443dfdcd6bb38c924e4d34b9348481d6bae318d38d91e5549ceb4f9a429627bd21207534c6940e951bca73d69b6d894491a403a1a8da5f7a8cb934d2c054b7635501ece4f4a61600f269a5c91c9a61703a52b96a2890b93c0a6171dcd34b93d4d30b8ed525a44ab33c6e1e33823a115eb1f027f688d4fc0f73fd8daac9e7d84ff24f6f21cab2ff008d7909626903142183608e86b7c362eae12aa9d37667166395e1734c33a15e374fef5e68fa23e2e7c2ad0bc5da5b78ebc02165825199e01d509fe161fd6bc3351d326d325315c07458ce1243f7a13e87d57fcfbd755f09be34eabe0cbd16d3cde65bc836c913fdd65f435db78dfc1fa278eb4c6f17783f6925733dbe7943e87d47bd7af5e187cce9bad455a7d63faa3e5f05531dc3f5961316dce93f867fa4bf47d7a9e326261b91a039fbd242bdff00db4ff3faf506e255c4a0b3709291c483fbade87fcfb55cd434d9b4e90c32a32a46dc63ef427dbdbfcf4a80a49b8a344a59c65e31f7651fde5f7ff3e86bc57169d9ff005fd7f5d8fad8d452575b7f5fd7f49a830a131f32a21e9fc501ff00e27fa7b7471562c50a2966e5d07dd907f797dffcfa1a9338dae1fa711ccc3ff1c7ff003faf50c69b0a18c8553978c7de8cff00797dbfcfb52b7f5fd7f5fa3e7febfafebe7ab8c120ac8b31f44988ff00c71ffcf5f7a4d89b4a98c85539741f7a33eabedfe7daa5f2f2d9f9599d7fe0330fe87fcf4e89b3e50e24202f0923758cff0075bdbfcfbd16febfafebf31f37f5fd7f5f8a23d996c0c1675ff80cc3fc69a63c61839c038473d50ff75bdbfcfbd4cd1150c8d0fbbc4a7ff1e5ff003fad27390c1c124615fb483d0fbff9f6a2c1ccbfafebfaf4da16840ca79678e5e31d47fb4b48636243020961c37671e87dea6c2aaf42154f1c7319ff000a531e4b214e4f2c83a37b8a562b9bfafebfafc195bcb18f949014f07ba7b1f6a78b739394c9eacbebee2a74849c383927eebfafb1a963b7cfca54e07257ba7d3daa946e4ba96febfafebf1ae901660739cf0ac7bfb1a9e2b4de76aaf4edfddab5058bc8db550127a8ecc3d7dab634ad09e52b853ec7d3d8d6d4e8ca4f4392be2a34d5e5fd7f5fd7633ac748773f3275ebfed5777f0d3e13bf8ca79f52d52fbfb3f42d3143eafab3a67c953d2241fc72bf455fc4f02b73e157c1bbdf1f5fcc26b84d3f49d3e313eb7abcebfbab18b38cff00b4ec78441cb13e99ad5f8a1e36d2ee34f83c23e0dd3df4ff000f6984fd82cdce6495cf0d7131fe299fb9e8a3e51c0af568612318f3d45a7e7ff03bfdc7cbe3b35a95eafd5f0efde7bbfe55f9393e8ba7c4f4493e67e23f8d2df5916fa2683a70d3f44d314c7a5e988d91183f7a473fc72b9e59bf01c0ae03529cbb6c53d0f5ad0d5ef4b1e08c9ac79d89526b971355d495d9ea65f85861e972c7faeadbeedbd5b7ab65598f6cd41374cd4b21c906a397eed7048f660567fbc6a17e9f8d4cff0078d42ff74d672dce98913f5151c9daa47ed51c9dab391b44865ef50ca3f51534dfd2a193a0ac9ee7444aefd3f1a6d39fa7e34dace5b1badc89bee9a864192454edd0d45b32d9359bdcda24f6d722e5425cb625c61243fc5ec7dfdff3a9555d58870411d41f5aa4ca00a9e2bdf30ac13373d1243fc8ff008d0a5609439b52dc5be460a0fd6b7fc37a3cb7b3aaaa6467038acbd1ec249e511f96d9cf4c57da7fb117ecabe0ad1bc2d67fb507ed29a37da3c2fe730f0778426768e4f175d4670cce461a3d3a26ff005b30e6461e547cef65f4b07879d6a8928ddbd92ebfd77d92d59e1e678b861684a72928a8abb6f64bbbfc925ab764936cf4afd82ff647f057c30f0769dfb58fed3be1e82f34f9d4cdf0fbc0d7a98ff848a5438fb75d0eaba6c6c08c6434eebb57e40c6abfed7dfb5ef89fe227882ff59d77c4325e5e5dbe6e2e1ce33818555038545501554602a80074acbfda53f6a7f12f8e35abcd7fc41ad09ef2e82ab9891628a28d176c70c51ae162891405445002a80057ca3e39f1b5cead72f2c931393dcd7d7b951ca68b49a751ab36b65fdd8f9777bc9eafa25f94470b88e27cc235aaa6a841de117d5eded27d1c9ad12d5422f963ab9ca5178dfc653ea972f23cc4e4f0335c6dcdc34ce59da9d7774f70e5d9b3558924e6be5ebd69559b6cfd270985a786a6a315b08c71c9eb4d542dcd395771c54c918c66b13adbb0d48aa4000e82940ec29ea98fad348ca521a109eb522a13d053923cf5a9153d3f956891939771a9163afeb4f54cf414e08075a7aa1fa55a890e43020ef4f08de94e0a074a72a33741576464ea25b0d08052e00e82a45807f11fcaa4487ba25558cdcdb2011b9e8b4e1037722ac2c07f88d384280fafd69f290db2b791fedfe9455af2d3fbb451ca2b9cde4919ebc1a8dd81cfd053b391927f85bf9d4323e073e8b5c2d9ecc50d66f9f6e3b9a898e5703fb95236378ff78d425b11e4768ea1b368ad01bef1c7a815148c3279f5a7b3104927f8863f2a898f3c7fb550d9ac56a233703e8298ed9e3de876e7e816a36639ff0081e2a1bd0d5213700371fad42d963d7eb4f7fbb85ee0d5fd2348f34fdaaed3e5cfc887bfb9a98c5c9d91529c69c6ec5d1f48de05d5d2fcbfc08475f73ed5ac4f734d2e147151bcbef5d514a2ac8f3a7295595d9234800e2a2797de98ce49e0d319c0ef9a1bb0460399c9ef4d2e3eb4d2e4f534c2e7b526cd5447337a9a6971da9ace3a934c2e7b54dca4ae3d9b1c934d2e7b5349f534d2e074a9722d4475216029858f734d3201d2a5b2d4479727a534b81dea3693df34d2e71cf153cc5a8921971d38aeabe1f7c4cd57c2b7abe5ce767421ba11e847715c797503d69866ee0fe5574ab54a335283b332c46128e2e93a7515d33db75cb0d1bc77a79d7342db1dc05ccd6e0f23dc7a8ae06f74f96c2430c909080e5917ef467fbcbfe1ff00eaacaf0a78d751d06f1258ae59769e1b3fcfd4577d2dce8fe38b217964a915ea2e64857bff00b4bededdabd57529635732d27d5773e7561f1594cf924f9a9747d5793f2f3390c36ee0a9775ebfc13aff0043fe7a526d4da18330553859187cd11feeb7b7f9f7ab579a7bdabb44f09c6732443ff425f43fe7ad441724389412c309211c483fbadeff00e7dab95c1a7aff005fd7f5e7e846a392bafebfafeb4d144d0e4b46d0fbc9129ffc7968d84b0712292c308e47cb20feeb7a1ff3ed526c5dbc060a87fe0509feabfe7a5298db7156404b0cb20e920fef2fbff9f7a5cbfd7f5fd7e43e6eebfafebfad990040ab8008553ff0288ff51fe7e8a5324ab4609232e9d9ff00da5f7ff3ef5285276b893d9243ff00a0b526c1b4a152029c95cf287d47a8ff003ed4b9439977febfafeafbc4557861273d15c8ebfecb52a40718d8700e4a8ea9ee3daa7487fdd258741f7641fd0d4d15b9241563c1c2b9eabec69a88a53b2febfafebe4411db92dc804b0e9d9c7f8d5cb6b26948d99c0e0391f77d8d58b5d38487618b3ce5907f0fb8ae97c39e139ef255089b8b742470e3dfdebaa8d094e5a1e7e271d0a506e4ff00afebfaed4f42f0cc97042a4471d4a639fa8af54f83ff000335af889acb69f64d1dadadac1f68d5b56bb18b7b2b61d6590faf655eacc401edd0fc0dfd9ffc45f1235f8fc3fa1dba45b22335edf5d1d90d840bcbcd2b1e88a3f163803248aefbe30f8e3c29e10f0d7fc2a9f863be3d0ed24df797cebb66d66e80c1b897b84ff9e717441cf535f4387c02a71bcba1f0f986773af53d9517ab382f8b5e37f0f586850fc3af8736f25a78734e90bc426e27d427c61aea7f5723a2f445c01debc4fc43aa9999be6c8f4cd6c78bf5e6b976258f27d6b8fbeb82eace4fd0571632ba93e58ec7a993607d8d35296ef57ebdca5792976ebdf9aa570d91806ac4cf9049eb5566af1e6cfaca6ac43276a8e5fb95249daa397eee2b091d512b3f5fc2a17fba6a67fbd50bfdd359cb73a63b1149daa393b549276a8e4ed59c8da243374fc2a193a0fa9a9e6fe95049d07d4d64f73a22577e9f8d369efd29959cb6375b91b0c92293001dc6a4c60126a09e500e3f4a87a1ac5363256c2e07534fb4b66964181ce7a5450a991b273935ef5fb2d7ece7e1ff0014d83fc69f8d66e6d3c09a5dd79296d6d279577e24bd51bbec16a4fdd51c79d7182b0a1eeec8a4a709549a495db2ab548d1a6e526925ab6f64bfafeae767fb19fecd3e19bff0fafed09fb43d8cdff083d95d343a1e8ab318ae7c5b7d1e375ac4dd52d23254cf703ee83e5a65dbe5f4df8ddfb447883c69abcde21d7ee2de398c096f676765088adec2d631b62b5b7897e58a18d7e5541d07272492793f8a5f1bb56f19ea6baaea0b6b656d6768967a3e8fa6c5e559e97671f115adbc63ee4683f1624bb12cc49f1cf1678c27be95b331e49cf39afaec37b3cae8f7a8d6afb2ecbf57d7d1247e6598caaf10e2d4526a8c5dd2fe67fcd2ff00db56d15fde6d93f8d3c6b71a9ceecd31209f5ae2ef2f1e772cc4e292eef1a772c4f1d866abb313d7f2af2ab5795595d9f4384c1d3c353518a14b6e3d69002fc0e9480163d2a68d001922b03b1bb208e3dbc9a78049c0a500934f44cf0055246329022761f8d4a91e075fc695630383522a7722b451327211533ec29eabd80a554cf5a781d80ad123194d211540a72a339e29e90f77fcaa648491d302ad2b98ca6d91242075e4d4cb0b1ebc5489185fbab4f083bd52443696e316251d1734e0869e0638029421355ca64ea761a100f7a5a7841f5a5087b2d572a21cdf723c1f4a2a5d87d4514ec89e7f338b76c01feebd412904919ec9fce9d2302073d55ff9d45212d9fa27f3af259f4f140cd96073ff002d4ff2a89bfd5e3fe997f5a933f3818ff968dfcaa12711f3ff003c6a19aa5d0246f9f03fe7a2ff002a8b7606ef67fe74e63994ff00d755fe55131e073fc2ff00cea24f5358ad0476c29ff7569acd9703d243fca918f047fb299fceaee9ba7095bed53afc9bb2aa7f8bff00ad5367395917292a6aec34ad2c4805cdd2fc98f914f7f7fa569bcbda98f2fa544cf9e49ae88c54158e19b95495d8f697278a8d9b1c9a467ec2985c7ae686ca511cce4d30bfa5359bd4d359f3c0a92d21ccddc9a61727a71484f7269acfe952e45a88e271c9a697f414d66f534c697152d96a23d9bd4d30c9f8546ce4d359c03d7350e4cd14479909e94d6600e58fe551b4991d7f2a6173eb8a572d4494cb8e9c5466424f23f5a6171f5a69763de95cb5143cbfa9a6990761f9d368c81d4d4b68a498a5d89eb5a1a2f886f348b859629994ab65594e0a9acd2ebda9a5c9e9446a4a2ee853a50a917192ba3d46c759d33c616a03aac57aabc85e049fed2fbfa8aa17562f048c8c80e7efc7d9fdc7a1ae0ec753b8d3e6592295815208c1e41f515dce83e28b5f13c22c6f9d52f00fddbf4f37fc1bdbbd7a74b131aeb965f17e7ff07f33c1c4e06a60db953d61f97fc0fc8604395759bd92523ff1d7a361552bb085539640798cfaafb7f9f6ab13dbc91c8c0a00c78756e8ff00fd7a8c050036e2029c2b9eb19feeb7a8ff003ef5ab5fd7f5fd7e6732a97febfafebe688f696382158b0ff80ca3fa1a548c6030660070ae7aa9feeb7b7f9f7a9d20ce43c7eef10ffd096ac436a321836598615bb38f43effe7da851b84aa2b7f5fd7f5db6af15a1cb031f4e5e31d47fb4b57ececd9dc0400b370ad8e1c7a1f7a96d6c98e0004053807bc67fc2ba9f0af8524bf9c47e46e66fbca3a37b8aeaa38795495923cdc56321460e4ddbfafebfab322f0af851ef655c44700f071ca1ff000afa0bf67ffd9a3c55f12bc456be1bf0d69ab25c4e0bcc667d91410af2f3bb9e12341cb13fcc8ce9fecd9fb30f8bbe2778a34ff0df84b486bcbdbd7db6e00c00072c643d155464963c00335f46fc60f17f807f675f87975f053e13ea51dd34a8078a7c47170753987fcb18bbadaa1c80bfc646e3dabea709808d1496f27af925ddfe8babf2bb5f98677c42ebcdc5276bd95b794b7e58fcb593da2b7f79c53f3af8bfe36f057c29f06b7c1df85179e6e9cacadae6b6536cbae5c2f463dd6dd0e44719ff0078f26be4ef883e2f6beb994f9a7049ef5d0fc4df1fcda8dcc98972327bd792eb3a8bdcbb1de71bb9ae6cc715182f674de9f9bee7a9c3996557055ebfc4ff000f25e4bfe0bd4a3a9de35c3ee278cf4accba972b9a9eea4ce00354ae1b71e0f15f393936cfd0285351b244121c9cd4129fe753bf5a8273ce2b9a4cef8adc8a4ea3e9514c7e5a91fef54535632dce88103fde350b9e2a563c93513f4acdee74c48a4ed51c9da9efd699276a896e6d1219bbd4321e9ec2a693bd4129c7e5593dce9890bf4a60e4d3df18e4d452c8a838ec2b393b2378a6dd86cf20553fe7354c1333927a52cd3190ed56aeefe08fc2083c7d35cf8a7c63a8cda57847489546b1aac280cd3484656ced4370f73200700fca8a0bbe0019c7594ac8ea8a508393d2c6e7eceff02b4bf1ba4ff123e275e5ce9de08d1ae163beb8b6216e754b9c6e5d3ed3391e73af2d2105214f99b92aadea1f10fe2bdd78beeedc9b2b5d374cd36d059e83a169ea56d74ab45fbb0c4a7d4fccee7e691cb3b124d737e34f88ade256b4b3b1d360d2745d26d8dae81a0d9b930e9f6e4e4a8cf2f23b65e490fcd23924f18038fd535c760555fea6bdcc2d3860e1cefe3fc8f91ccf115333a9eca1a53ffd2bcdf9765d37df6bfe21f13c970e55242074eb5ccdd5e34c725aa39eeda662c58e3b545d79359d4ab2a8eecd2861a14636487671f337e0281973fce93973c9a9a28fdab346eda4858e3c73520049c0a00ec2a4453f7455a46129022761532205142263b548abdcd69146527d01571c9a9153b9a1571c9a7a217381f89ad52b184a76d0154b9c0a9a28b07039269638b3f2a8fa9a9d230bc2fe26ad2306ee35220bcb726a5099eb4aaa0538293569194a76d10807614e087bd3953d053d507a66ad23094bb8c54f414e083b9a956163d78a916251d16a9448726c856263f7569e203ddaa6087bd2841d866a9225b4883c81fde34558f2cff74514ecc5cd13ccddb81fee49fce9b230191ed1ff003a1ce463fd87fe74c90f0c7da3fe75e1367d9456b7066c381ff4d5bf9542edfbac7fd311fcea4077499ffa6adfcaa16398b3ff004c05437a1695d831fde37fd765fe55167705ff00764fe74f90e2465ffa6cbfcaa6b0b2120134bf77e6c29fe2e6a6ce4f4366d423762d858097134ebf26d181fdeffeb55e6933d29a5b8c7403b5319f3c0ad9250564724a52a8eec733638a63377269a5c0e94c66039268b8d21c5c9e9c530be3a523316a69603ad4b65a88a4927269ace074a4662698d20038350df734511ccfdc9a63498a61724f0298ce07bd43668a23cb93d298ce07bd46d2e7a5319bb934ae68a23de5cd34b9ea4e2985cf6a6d4b65a438bfa534927a9a29a5c0ed53cdd8a511d48580a63313c934d3228a96ca4bb0f2e7b52337726a269734d2e7d714ae528929900a634a4f02a32e074e69a5cf6a45a83242e4f7c53a1bb7b76df1b9041ce41a80927a9a28bd8ae44f73bdf0bf8de2d65534dd66502e38114cc7025f63e8defdeb71ad0b3ee0a0374cb0e187a1af26dc57a363f1aedbc0fe3c8e709a36bf37a2c374e7afa2b9fe47f3af470d8b53f72a6fd1ff0099f3f986592a57ab436eabfcbf55f71d2c76eb8f97700bd01eb11fea2aedbd9c85b6f940b372c83a3fb8f7a9e2b1de43a310d8f9588ebec6b6f40f0fbdc481440d804650754f71edfe7dabd7a549ca563e5f1189508b6ffafebfad777f867c3f25dcc85724938590ff00e82d5f45fecddfb3cebbf11fc4d61e17f0ff0087e7bcbdbc9d63b7b48172e1cf71fece32493c00093c66b9ff0081df07755f17ebd67a2e93a3c977797b22c56f6d047b8dcb1e000077fe9edd3ee0b7d43c19fb19fc38bbf09f85b5182f3c5d7b6a61f106b90b8616887ad8dbb8ea011f3ca3963f28e057d460f0ab0f14d2bcdecba7abf25f8ecbbafcc73fcedd66e2a5682ddad5bfeec57593fba2af2968b9656fe20789fe1ffec81f0caefe13fc38d56def35fbeb7f2fc5de24b53c4a47fcba5b9ed0a9c6e6e0bb0f40057c23f18be294faacd2e6e09dcdcf35b3f1afe30ddeb33ca5aecb166393babc1bc4baf4b79292d26739abc6626385a6e9c5de4f56fab7fd6cb64b45e7cfc3d9356c65558bc4c6d6568c7a462ddecafbbeb293d6526dbe8954d7f599ae59897eb9cf35cfdcca5b03d7dea7bb9cb77ea6a85c4983b41e6be56ad4727767eab86a31a7049105d4df36d53f5aace79029ee7731351bfdeae66f43d2a688d8e5aa097a819ed5339c648a81ce18f1d2b191d31d888f53514a73f9d4b50cc7ae2b27b9d102063c135139e31523f4a8dcf38acdee74476444ff0078d31fad3dbef1a8dbef1acdee6f12194d4331cf03d2a590f3cd55b894038ac9b3a20ae472c8a3f0aa37771b8919a75ddc8c919ad6f879e02b9f1e6a5349717eba7e9560825d5f579a3dc96b1938000ff9692b9caa460e59bd006239a72bb491e851a76f7997fe14fc3093c7b7771a9eb1a93697e1fd3363eb7ac797bcc41b3b61894f12cef82123cfab361549aefbc53e34875b8ed345d0f4b5d2b41d22368b45d1e39372db231cb3bb7fcb59e43f34921e58f030aaaa31fc47e2ab6bdb6b5f0cf8674f6d3b41d3370d374f2fb98b3603dc4cc3fd64ef81b9ba0002ae1540ac89ef085fbc4d7761e9aa2b99eff91e4e3f10f13fba87c1d7cffe07645dbbd4c1c92d81ee79359d35cb5c36e3c2f6150c92348d96340200e4f26b594dcddce38528d3561fbb3d7f2a72e48c9a62824e2a6452c685a94f41d1267b54ea3029b126064d48ab935695cc2521517bd4f1201c919a6c49939fcaa545cf1dab44ae612639173c9a91173c9a445c9f61522a963815b256309cac8110b9c0fceac451ff000af4f5a48a3fe05fceac22606d15691ceddc11001b57a53c003a528000c0a7aa6393d6b448c273be88454ee6a454cf5a1531c9a9a38bf89c7e15695cc1cba21a91161c702a548c2fdd1cfad39533d7a548a99e956910e490c083bd3d509f614f54f4152242cdce2b45032954220833c0cd38467a6315388917863f953d5588c2a63eb5a2898ba962bf92fe87f2a2acf972ff0078514f949f6878f646c07fd87cfe74d73cb0ff00ae7416fdd7fdb37fe74d638dcc7fe99d7cbb67e84b702c37803bc8dfcaa027f75cf7807f3a796c3827fbeffcaa4b3b532859240366c031eb53672762aea0aec5b7b4334a679461778207af156cb01fd05233e380298cc056a924ac8c24dcddd8acddc9a63393f4a466ee698cc4d0d8d2159fb0a693dcd23305a633679350d9a288e67feed319c0ef4d69074a8d9b23938a87234511cf27a1a63363963f8535a403a7e7511724e41a96cd5447bca47f8530b9ee6985c0e94d249e4d4b65a4399fd29a4e7934671de9a5c76152e5d8b511d903a9a697f4a6b3772698d281d2a5b2d21e5bd4d31a502985c9e94c2e07bd4dca511ed21269acfcfcc6985d8fff005a92834501c643d8534927a9a0903a9a6971d854b916a361d48580ef4d6738c934cde3d295d9491217f41485dbd6a32e4d0a4679348761e319e6a55eb8c03f5a891fd054f6f1b4adeddcd35b932b247a0fc2bf1eadbcf1685e279ff70c42c176fcf95ecdeabefdbe95f4e7c2df86da86bba8da5ae9d6725c4d348ab6c204dececc400a00fbd938ff003cd7c85e1cd1ae750ba8ad2ceda49a69a458e186242eeeec70aaa0724924003bd7e90feccfe0ed6bf649f85f15a78bf5313f8e2f61dc212437fc2316cebfea15bf8ae581cb11c45f74739afb3e1d955ad3f6728decb47dbd7fab9f9271fcb0f97d055e9cf965276e55bcbce2bf3e9afc8f62f0d2f873f652f084d65a7bdbc9e34beb6f2f55be81c32e928c3e6b68187fcb520912483a7dd1dcd7ce7f19fe30dc6a0cf02dd1209ecd50fc4ff8ab2dcc8f025d120673939e7bfe35e23e29f134b7b3bc8f21393c64d7d3e27150c2c1c62ef27bbfeba2e88fcdf29c96ae3b11f58c42f24ba25bbf9beaf77e8925078a7c4735f4cccf21c7619ae56f2e4c8c4e7a9a96f2e5dc9763c9aa12c98e6be5ebd594ddd9fa66170d0a51514864cf96c0aa72b705ea695b0a49ef55673c05ae3933d58ab11d46c78269ee7e5a8a43c0159cb63a60ad118fc2f26abb9e09a9656f4fa542e79c562dea74450d2703355e626a690e05579092793591d30446fd6a163c9352b91926a17e9599ba184f735131e0d48dd0d56b9982ae0567266f04d915c4a013ce00accbcb923806a5bcbada0e3af6a4f0e787351f176adfd9f652471471c665bcbcb824456b082374ae4738191c0e5890a01240ae4a93ec7a787a3d49fc1be10bff001b6a6f6b15dc76b696e9e76a5a94e098ad210705db1cb13d1507ccec401edd86b1af69f269f6fe16f0bdac967a258396b682523ccb8948c35cce470d2b63a7445c22f00939da9ebba6c1611784fc2d0490e916f26fcca0096f66c60dc4d8e338c845e91a9c0c92cc6979df2e17f5ad6953e4f79ee658ac45ff00770dbaf9ff00c02d4975c601fcea3decc724d420e475cd48bd2b7bb679f6487a924d4883272698838cfad4a83a0ab3363d071f5a9e24e78a8d1727356235c0cd5a46136380ec2a444e76d35077a9a25ee6b448e793b8f45c0c62a5553d0535077a9506066b68a3094ba8a076153451e074e4d3214c9de7b55a8530379fc2b44ae7349dd8e8d368da3f1a900c0c50ab8e4d3d17b9ad12309cba2045c726a555c73de91171c9a9e28f1f330e7d2b44ae73b77d1045163e661cd4aa9eb4aab8fad48a9839ad12b99ca56d0454ee4548919638c7e14e8a224e738f535322f1b631f535b462734a63523541f30c9ec2a45466ebf28f414e4882f4e4fad481077ad1248e794ee31220bd17f1a784f5a7aa13d7814e083a01934ec437dc8f62fa5153f9727f77f9514f958ae8f0b2c5a31cff00cb26fe74c95be661ef1d05f110f530b7f3a920b6f39ccb202141523df02be4b567e98ec82d2dcca7cd7e155dbaf7ab45b8c2f005216e3a600ed4c6627a5689591936e4c567ec298cd8fad233f614d271c9a4dd86a204e79269acfd85233e7e951bc98e950d9aa88e6703bf351b3927029a5891d38a63498cedfcea1bb9a288e6603af5f4a89e52dde9acc4fb530bfa54dcd54473363a9a61627ad21e4e690b01c9a9722d21690b81d29a5c9a6348074a86cb487337a9a63480700d31a424f14c2e07bd2b96a2399c9a6971da9a589eb494af6355014b13d69290b014d2e4d4b65d871603bd34b93d38a69703a534b13d4d494931c587734d2e7b530b81d290b1349b4524879719e4d34bfa5349c7269a5c0e952e45598ec93d4d3c631c5441b34f048e9de84c1ab1344093815a9a65b191d5550924800004924f6c0efed542d211b86f61ee4d7d79fb2dfc06b4f833656bf177e24694b278a278c4de1cd12e5011a521195bc9d4ff00cb623fd5c67ee83b8f3815e9e5d81ad8eafc90dbabe897f5b773e778873bc364983f6953593d2315bc9ff92ddbd92f3693edbf65cf80b65fb3569507c4ff00881628de3cb9b712693a7cc011e1c89871338ff9fb604151c8894ff78f1a1e37f88d3112ca6e4b3bb12cecc49627a927b9ac8f15f8e26b8796492ede47772f2c8efb99d8f2493eb5e75e20f11c9792336ef97b7f8d7dfc65432ec37b1a3f37d59f897b0c6679983c6631ddf45d12ecbc97dedeaf563bc49e2492e9db74a793eb5cadf5e190904f7a75ede9958bb37154259b1f3b1c93d07a578d5ab4a6eecfaec2e1a14a2925a0cb89589e4d5791b3c669ccc4f26a376c02c6b8e4ee7a94a3d48a66cb633d2ab48db9c9a9657214b7735074ac9ee74455d8d73938a8988ce734e774076971b88c85ddce3d7151b9c0ace4cea8a2290e4e2a2639269cedd4fad30f03358b7a1b4511ccddaabb9ea6a599aa173c62b37b1d30446e702a273da9ee79a826902e4d66dd91bc15d8cb899514f3d2b2af6e88ef535f5d67201c0aaba769ba8f887514d334d88348f924b3ed545032cecc785503924f415c95267a787a2d868fa2ea5e27d4c697a76c0db4c934d336d8e08c7de9246fe145ee7f019240adcd5354d3ecf4d5f09785b78d3a390497171226d92fe60302590765192113f841c9cb12699a86a1a7e9da71f0cf86642d6a5d5af6f4a956bf917a310795897f813fe04df31c2e720ea6a211eacdead5b2e48fcc963cb0c54e99fc2a28803cfb54f10ce2b73866c9117a0a900c9a6a0ef5220e735ac56a73498f41cf4e952a0ef4c41c71dea541c815a2dcc64c961535381d853225c0c9a910735a25a9cd363e34c90b53a2feb4c840ea6a641dcd6b1473c98f55190314f00b1c0a4418152c0bc6efcab648e7a92d4962404850381d6ac22f7c70299126d5f73d6a600018ad1239e4f955c551938a91173ce38a6aae38a9a34dc428ad123964d8f863cfcc47d2a645fe23488a0f1d854a8bdcd6a95cca4ec8545c76e6a68a2cf27a77a48632c79a9d177fca3802b78c4e69cc154bf00600ef52a27651814220c6074152a267d85696b1cb2939311533c0fcea4541d00c9a747196e0703d6a648c0e147d6a946e66e4911ac3ddcfe02a458f1d1714f5403de9e13d6b4514612a847e5fbd152ec5f4a2ab9599fb467cfd6b6fe72ac928f976118f5e6ad1200f61d0521214600c01d00a6337726be392b23f556dc98acd9e49e2a366cf0286624d359b1d2936351024014c66ee6919b1c9a8de424f150dd8d544579074fd2a36619c93f8523be3bf3513b927ad4366b188e7933c67f2a89980ea6867f4a6124f5a96cd5214b134948481d4d35989eb50d9690acfd8531980a6b4807435197279cd4dcb511cf264d319bb934d67f4a6d23550159c9f6a4a4240ea69a5c9e952d9a2438b014d67269a5c0e9cd319b3d4d494931e5c0e94c673dcd34bfa5349cf24d2722921c5fd0534927ad233814d2ec7bd43916a238b014d2e4f029a481c934d6940e86a2e528df61e7268c8ce335134a4d2ab60671cd0538d91203b4d4d08c9dc7a7d6a08d8b1c11df9af7dfd9cfe065869b676bf16fe26e9ab2a3e24f0e685709c5d1078ba981ff9620f2aa7ef91fdd1cf6e0307571b5d5387cdf44bbbfeb57a23cace335c364f8375eb7a462b793e897e6dec95dbd37e8ff665f811a7f822ced3e307c4dd32397519904fe18d06ee3c88c7f0dedc21edde38c8e480c7802bda7c23e14f89df1bfc5573e1ff000068b73ad6a9f6596fb5091ae2285208131e65c4f3cce914318ca83248eaa0b019c902b87d77c55797f752dfdfdc34b71339792473d4ff0041d80e9daba1f81ff1cbc11e00b4f1af817e29e89abdf7873c7de185d23539bc3d751457d64d15edbdec33c5e7298e5512db2abc2f80e8c7e65201afb74a197613d9e1d6bf8b7ddfe8afe5e6ff0020b56cf334fac63e5bf6bda2b56a31bdecaf6bbb36db727d12ea7e257ec55fb4068be2db6f04e85e1c7d4af0f85f49d5b5533dd5ad943a7cba8233436666b899219256da7cb5472d30e63561cd79dafecb9f1eee3c3ebe30d6be1fdee9ba57f683dacf2df4d045729e5dd8b39e45b39255b999229c989d92328aea50b020e3dd5ffe0a2bf08ae7c2edf0923f879e25d33c2f6b67e1d3a4dfbdb68babea2b73a6594b66fe6a5fd9bdb949a3977ab46a8f0baf1bd495ae72e3f6fef05f887c1dac27c55d0fc51e35d6afb52babcd320f1341a3cb0e977526a09731df5a5dc5691dd5a48a89f3dbc445bcb2bbb95556295e3cb138f97c51febefb7f9799f594f0192d3d213efe9d34daeff5bf43cf750fd84bf69bd4356d6edfc0ff000b356d66c349f10eaba55bde3c7059cf7efa7c8eb752456934c277110426528aeb09cabb022b9bd77f643fda5740f87a9f14f56f843a9c7a23dbe9f70b7092c124df67bedbf639cdba486710ce5d16394c7e5b33040db8edafaefc0bfb44fecf7f17fc73a47ed79f15f54b3f0dcfe0ebaf18ff0066d927c42b0f3fec97d36a1756b14da6343f6b9ae7cdbf68c35bfeee71b59cc4236cf847c3dfdbea1f867f11754f8a9a0fc39926d46e3c0fe0bd234db6bebd56862bbd0ae34b9cc936172f14ada7150ab82a2407271cf32c462e574a3aafead7fd4ee96072ca766e6d295edafe36b7cadf89e7faa7ec5ffb51697e2dd17c0937c1cd465d575fbd9ecf4eb4b2bbb5baff0049813cc9ede5786674b59624f9e48e768de24059c2a826adfc46fd8e7c71f0bb58f851e1bf1ceaf0d95ffc5067db02795709a728d54e9eae2682478ae91b0250d1b1520edc93cd7ae6afff000512f8709aedde8fa6787bc6371e0af150d6a2f187875ad740d366822d46c25b2f32d67b0b18ccd770a4f2e279f2b2a9d8d18c96af2bf88bfb497c296d4fe0be9df0afc1fe238f46f84664df27886feddaeb552fac9d499c2c11aa5b8f98c613e7c7077354fb4c5c9abab6ff0093f3ef6347472b845f2cafb75f35e5ae97d7e5629fc60fd823f69ff851e20d66caf3e176a37fa6e917bac45fdad6525bca8f169a5dae1e448a676b79040be798250b288f2c10aab11c6f817e0378a7c57e35f04f857c57a8da784acbc7e9e6f87fc41e200c2d24b7f364845c1f2f2e223344f187c60b29c64026be96f855fb5d7c2597e30ae95f00f47bdf0e7fc279f18e3f1978f352f8a9e2cb28b4db3d3d05fa4da72491c68ac925b6a77ab248e3cc9008e34427ef7cfbfb5ffc60f0afc5ef8fdab6bbf0beda6b3f05686b0683f0eec65625acf41d3d7c8b00770077b2279ce48c99669188c93534ea6224f964ada6ff00d79fe08d6ad0c0d35ed60eeaf6b5fe7be8f6fc5dba1fa0bf0e3fe0995fb0cf81ff00660f8a5fb3cfed29fb61f86b46f1ff008434cb4f1b78c2f6dfc17a95eddf866ca45586c25263b98d49d9791f9d6ca9280d71196cb20d9f30fc52ff00825bde597fc145fc1bff0004edf83be2ad5358d7b5dfb18d7f51bcb389534f4941b892e625dcbe75bc7658b90c4877048daac0ad7d63fb39ff00c1c17fb3c7877e17c9e23fda07c0df13d7e2b49a041a66b5af7832cb42c7889604db119afa5892e614e01f2d966098f949e00f846eff006f1bcf14ff00c149743fdbf7c71e0ebb921d27e22699e216f0ec5ad4b733fd92ce58d92d85d5c6e6790a46332300a5d988455c28f3e8ac729cf9afb3ed6bdba791ebe265943a74942cf549daf751beb7f3e9f7d8f42fdad7fe08e5fb4bfc33f8afe2dd1bf674f801f1335ef06f83a155d4f5ff0015d869d693195623233aa4374e1a391363c2a3f7ae2409b0bfca7c9bc59ff04cff00dbe3c15e3bf0bfc31f127eca9e2cb7d77c68661e1bd392de195aeda140f3a178e46485e2421a459991a35e5c2804d7a3683ff053cb5f04f846dec7c23f0c6e9f54d3ff006ae4f8c569fda3a8a9b49a28c031e9f322aee2e1867cc1c0ce40cd7d01ab7fc17f3e1c68df1574ed7fc07f057c50fe0fd5f55f106a3e39f09ea91e8112a4faad935ab4b66f6d60be74d10924265ba0e6e148594701853a98e824b96ffd7aff005b12a8e5155b97338eda7cdf976fcefe47c85a0ffc128bfe0a2fe2df1feb1f0c7c3dfb2478a6eb5bf0fc5672eaf6a8d6a12086ed646b69bce69842f0c822936ca8ed192846e078af41f805ff0004aa93c7fe0cd593e373fc42f03f8bb41d4fc5f67abe9b7be13856c209745f0f9d556dfcf79b79b873b03204dbe53ef563c67e85b8ff008289fec77fb457ec95f1a3c3ff001e1bc752781ec6c7c0da07863c2361af68fa2f886e2ded6f6ea6924b48ecad63b616f1bb46c6dc46ca8092197e5c61c3ff00070ae89a778f24f88fa57ecf5a85aea1a7789f5ad43c36973acc77a90dbcde13b7d02c12e8ca99ba951ad92799c90240c540cf358cab63669a51dbfaebfd23ae186cae9da4e77bdfcf4f97f4fb23f3c7e307c0bf8c7f00aef48d2fe357c3dbff000cea1ae68706af61a6eaa634b936730cc52bc218c906e1caacaa8e460edc106b80bdbbc03838af66fdbd3f68ff00871fb567c7fd4bf68bf04781f5af0eea9e2f89350f1a695aa6b6750813596005c3d94aff00bd5b5720324521668b3b14ed0a0786ac777a95da5858c2d2cd336d8d17a93fe7bf402b47564e0b9b7308d082acf9355d06db59df6b57e9a7e9d0f992ca70aa0e00ee493d0003924f000c9ad5babbb2d26c1fc39a0cc244931fda17ca306ed81c855ee2253c81fc47e63d808a7bbb5d1ecdf44d1e7591e5006a17a9ff002d7bf9487b460f53fc6464f000aa683273592d5dd9d33928479623a9e838033d69839352a0e7e95bc4e56f5268d7e5e0726a78d702a2518207a54c838fad5c7739e4c9146054883200a60e6a541cfd2b689cf26488067a74a9a2539cd44838cd58816ae2613762551815220e31eb4ceb534632d5ac7639a4491a80302a645fe1a620e40352a0ea6b68a30931c064e05598532401d05430ae5b763a55a8461738eb5a23924eec95064e714f41939f4a4030314f40718c56b1473cddd8f41deac42985f7351c4a19b07a0ab08bdcd6b1473b7d472af6153469b8e00a622e07d6ac428146f23a74ade28e79c87aa6311af7eb532201c014d8970b93d4d4c89ce07e75aa5638e52bb15133f4a9638f77d29238f736d038ef561107e02b48c6e6339590227b71522a6471422e7e9534716e193d2b5513965272635232dc28a952103b64d491445b80302a78e14419c56a92466e56d883ca93fbbfad156b67a2fe9453b3ec4f33ee7cdecddc9a61249a42493934d66ec0d7c3b67ebaa20cd8e05319b6d23b81dea266dddeb36cd631159c93c546f200303f3a47931c0e951337726a5b358c4566cfd2985fb0a42c4d274a96ec6a905359f1c0a19b3d0d46ee14566d9690e66c726a2793278a46724f06a367c703f3a9669188e66c72698589eb4948580eb49b3551b0b4d2fe948cc4f534c2fe952cb48566039269a589a697029a493d4d4b762d214bfa5349cf2690b014d2c4d43916a238b814d2e5ba534900734c6900ff000a86ee5a8b7b0f240e4d35e5c74a8cb93d29b9038cd22d450e2e73c5213dc9a6971da9bb89ef45cab0fdc338cd29393826a3c8f5af55f803f046cfc431a7c49f88568dfd830c8458d813b5b56954fdd1e90a91876eff007477ae8c2e1eae32aaa74d6bf825ddf97fc32d59c598e3f0b95e15d7acf45b25bc9f449756ff000576ec9366c7ecf5f036caf2ce1f8a5f1274f0fa62b6745d265183a9c8a7fd638ed0291cff007cf038cd7ae6ade23d4351bb7bdd42e449339feee3681c0503a0503803a002a86a7e21bed4ee0dd5c320f942c6a8bb5224030a88070aa0600159577a831c846c93debed70f4a96068fb2a7f37d5beeff0045d179dd9f91e37138acdf17f59aef5d925b455f65dffbd2fb4fc9452b1a86a841c16cb7a565cf70cd97627f3a64b30072c724d57965cf53533a9735a749405966cf5fe7503363934337726984e4e6b16ce88c6dea1b89ef51bbe793d295db3c0350cb267e55fc6b26ce9847950c9640c771e82abbb176c9fc29d2c993b474ef51b36054377368c6ec476c9c63a1a89db27ad399b1f5a89db1fd6b3933a62ba0c95fb544e79c5399bf88fe151fd6b16cda2ae239c0aaf2b64e05492bfbd569640a0f3cd43763a2116c64ee8a7715191d0e391542f2e828201a7dedde0601eb5953cd24ce228816663855519249ec2b96a54b2b1e8d0a2e4ee35cdc5e4eb6d6d1349248c1511464b13daac4d75068d6f2695a74cb24f2aedbebb4e411de243fddfef1fe2231f74731cf3a6930bda5aca1aea452b733a1c8453d6343ff00a137e038ce68a743c5727c4ee7a9654e165b93435327426a288002a64fbb548e796e397ef0a9621938a8d3af4a9a1041cd6c8c65b13460939cd4e839e3b54310f6ef53a77ab89cf31e832d52a0e3351a75a95064015b2d8c244a83802ac423bd40832d566318156b639e6c7a0e7353c23f5a853a66ac44303f0ad5239a4c92318f9aa551814c41c01eb5275ade3b1cd376893423083dead46bd17d2a1857e603d055841c135a44e66c7a8c9c54a839cd46839cd4a80e31eb5aa47249e84d0ae1777ad4e8bd053114640f4a95077ada2b5329bb2b1246bb8d594505828e82a2b7503e63daac42bf2e4f535bc51c55244883bd4a8b8fa9a622f41f9d4f0ae5b38e95a257673b764491a6d017bf7a99173c5310719f5a991093b47535ba4724e5763a28f71cf61566288b9f6a6c51e4851d055a8d36f0bd7dab54ac6327d0548f180073522a2afde1934e44dbf2af2c6a448c2fb93deb48c4c273b0cd92d153f97ef45559197b467cbb51d1457c01fb52dc85fa7e351bf4fc68a2b335891bf43f5a8dfa7e34514bed1aad86d35fa7e345159bdcd16c31ba1fa544fd3f1a28a97b97118ff74d31ba9fad1452368fc2151b753f5a28accd06bf4fc69b451416b623a28a2b32a3b91d227dd145150f72c6bfde351773f5345148d7eca11ba1fa5237dc145140e3b0da28a2a1ee511c9fc5fee9fe55f5e4bff225784bfec55b4fe54515f47c3bff002fbd23ff00a533e138e3fe613fc553ff004da33ae7ee7e3541ba9fad1457b73d8f93a1f1fc915a5feb50bf5fc28a2b291b40649da98dd0fd28a2b391bc7e319559ba1fa514543d8e8ea88298fd7f0a28a87b1bd3237ebf854537ddff00817f4a28aca5b1bc77643276a63743f4a28aca46d12bcdd7f1aa973d0fd28a2b29ec7553dccabefbe3e951689ff2174ffae727fe80d4515c15773d8c37432e3ff56bfee8a913a7e3451511d8e99ecc9e2e9f854c9f7451455a39e5b8f8fbd4f0743f4feb4515aa3196c588bfa54a9d3f1a28ad23b1cd2dc923ef52c7d07d68a2b53064c9d7f0ab49f745145688e798f4e9f8d588fbd1456b1dce696c4c9daa54fbe3eb4515b2d8e6a9b16a1fbdff0001feb53a74fc68a2b589cd3f84913a7e353c5f7968a2b55b9c92e8584ebf854c9f7451456d0dcc66598ffd51fad4f1f45fa0a28ade270cc9e2e87e953c3f73f1a28ad22613d89d3b54f07df3f4a28ae88ee724be32d5af5fc6aca7dfff0080d14568b7317b12c5feb0fd2a78fbd1456c724fe21d451456870bdcffd9, '519a3859560ac37c8b8b1c75750c341ff8af3c56', '1994-06-27');
INSERT INTO `usuario` (`num_documento`, `pk_fk_id_tp_documento`, `fk_id_genero`, `nom_usuario`, `prim_nom`, `seg_nombre`, `prim_apellido`, `seg_apellido`, `direccion`, `telefono`, `correo_electronico`, `nombre_img`, `tipo_archivo`, `foto_avatar`, `contraseña`, `fecha_nacimiento`) VALUES
('1243523E', 2, 1, 'Alirio123', 'Carlos', 'Alirio', 'Coronel', 'Cubillos', NULL, NULL, 'carlosal@gmail.com', NULL, NULL, NULL, 'ff0edd646698f65fa2c8680d00391e368b6d4315', NULL),
('24E3156', 4, 1, '', 'Manuela', '', 'Vorelh', '', NULL, NULL, 'manueal123@gmail.com', NULL, NULL, NULL, 'd34026ada66a57509e40742655cdf270ff97c4f4', NULL),
('27278341', 1, 1, '', 'Gerardo', '', 'Perez', 'Mora', NULL, NULL, 'manuel123@gmail.com', NULL, NULL, NULL, '8957b7365f8fef54490cb417ed1fd269052c9af5', NULL),
('27278956', 1, 1, 'Manuel123', 'Manuel', 'Alexander', 'Lopez', '', NULL, NULL, 'manuell@gmail.com', NULL, NULL, NULL, '25b99bacd5f00970e7f5003b4463b2456c22f73c', NULL),
('27278957', 2, 1, 'carlosmora', 'Carlos', 'Andres', 'Mora', '', NULL, NULL, 'moracarlos@gmail.com', NULL, NULL, NULL, '519a3859560ac37c8b8b1c75750c341ff8af3c56', NULL),
('3124678', 2, 1, '', 'Manuel', 'Stevan', 'Lopel', 'Motis', NULL, NULL, 'manuelmotis@gmail.com', NULL, NULL, NULL, '25b99bacd5f00970e7f5003b4463b2456c22f73c', NULL),
('451E3157', 4, 2, 'CastroLore', 'Lorena', 'Morelh', 'Castro', 'Veleth', NULL, NULL, 'castrolore@gmail.com', NULL, NULL, NULL, '519a3859560ac37c8b8b1c75750c341ff8af3c56', NULL),
('5271527', 1, 1, 'AlirioSolarte', 'Jose', 'Alirio', 'Solart', 'Solarte', NULL, NULL, 'aliriosol@hotmail.com', NULL, NULL, NULL, '9c86e48da20c5e6770c3d6cd17b02c584a7e0210', NULL),
('7227451', 1, 2, 'Fanny1234', 'Fanny', 'Socorro', 'Gaviria ', 'Argote', NULL, NULL, 'socorro_fanny@gmail.com', NULL, NULL, NULL, 'ca21d2c0beda5cae94216c5fc39c4f8adb74eeff', NULL),
('7321431', 2, 1, 'Felipe03', 'Felipe', 'Manuel', 'Monelo', 'Perez', NULL, NULL, 'felipeperez@hotmail.com', NULL, NULL, NULL, 'b41e9b8dd61267c8eb3db48acfda473f53d9964b', NULL),
('8431321', 1, 1, 'Cortis123', 'Emanuel', '', 'Cortis', 'Morel', NULL, NULL, 'cortisema@gmail.com', NULL, NULL, NULL, '3e6f91cfe0fea6f26a0f9e3c7ed4f2b9493ecedc', NULL);

-- --------------------------------------------------------

--
-- Estructura de tabla para la tabla `vehiculo`
--

CREATE TABLE `vehiculo` (
  `placa` varchar(10) NOT NULL,
  `fk_num_documento` varchar(15) NOT NULL,
  `fk_id_tp_documento` tinyint(3) NOT NULL,
  `fk_id_tp_vehiculo` int(11) NOT NULL,
  `numero_modelo` varchar(25) DEFAULT NULL,
  `nombre_archivo` varchar(40) DEFAULT NULL,
  `tipo_archivo` varchar(40) DEFAULT NULL,
  `foto_vehiculo` blob DEFAULT NULL
) ENGINE=InnoDB DEFAULT CHARSET=utf8mb4;

--
-- Índices para tablas volcadas
--

--
-- Indices de la tabla `bloque`
--
ALTER TABLE `bloque`
  ADD PRIMARY KEY (`id_bloque`),
  ADD KEY `fk_id_tp_vehiculoPar` (`fk_id_tp_vehiculo`),
  ADD KEY `fk_id_tp_bloquePar` (`fk_id_tp_bloque`);

--
-- Indices de la tabla `factura`
--
ALTER TABLE `factura`
  ADD PRIMARY KEY (`id_factura`,`pk_fk_num_documento`,`pk_fk_id_tp_documento`),
  ADD KEY `pk_fk_num_td_documetofa` (`pk_fk_num_documento`,`pk_fk_id_tp_documento`),
  ADD KEY `fk_id_ticketFa` (`fk_id_ticket`),
  ADD KEY `fk_id_membreciafa` (`fk_id_membrecia`),
  ADD KEY `fk_id_metodo_pagopk` (`fk_id_metodo_pago`);

--
-- Indices de la tabla `genero`
--
ALTER TABLE `genero`
  ADD PRIMARY KEY (`id_genero`);

--
-- Indices de la tabla `log_error`
--
ALTER TABLE `log_error`
  ADD PRIMARY KEY (`id_error`);

--
-- Indices de la tabla `membrecia`
--
ALTER TABLE `membrecia`
  ADD PRIMARY KEY (`id_membrecia`),
  ADD KEY `fk_num_td_documentoPar` (`fk_num_documento`,`fk_id_tp_documento`),
  ADD KEY `fk_id_membreciaPa` (`fk_id_membrecia`),
  ADD KEY `fk_id_bloquePa` (`fk_id_bloque`);

--
-- Indices de la tabla `metodo_pago`
--
ALTER TABLE `metodo_pago`
  ADD PRIMARY KEY (`id_metodo_pago`);

--
-- Indices de la tabla `notificaciones`
--
ALTER TABLE `notificaciones`
  ADD PRIMARY KEY (`id_notificacion`);

--
-- Indices de la tabla `persona_rol`
--
ALTER TABLE `persona_rol`
  ADD PRIMARY KEY (`pk_fk_num_documento`,`pk_fk_id_tp_documento`,`pk_fk_id_rol`),
  ADD KEY `pk_fk_id_rolpr` (`pk_fk_id_rol`);

--
-- Indices de la tabla `rol`
--
ALTER TABLE `rol`
  ADD PRIMARY KEY (`id_rol`);

--
-- Indices de la tabla `ticket`
--
ALTER TABLE `ticket`
  ADD PRIMARY KEY (`id_ticket`),
  ADD KEY `pk_fk_num_td_documento` (`fk_num_documento`,`fk_id_tp_documento`);

--
-- Indices de la tabla `ticket_bloque`
--
ALTER TABLE `ticket_bloque`
  ADD PRIMARY KEY (`pk_fk_id_ticket`,`pk_fk_id_bloque`),
  ADD KEY `pk_fk_id_bloquetb` (`pk_fk_id_bloque`);

--
-- Indices de la tabla `tipo_bloque`
--
ALTER TABLE `tipo_bloque`
  ADD PRIMARY KEY (`id_tp_bloque`);

--
-- Indices de la tabla `tipo_documento`
--
ALTER TABLE `tipo_documento`
  ADD PRIMARY KEY (`id_tp_documento`);

--
-- Indices de la tabla `tipo_membrecia`
--
ALTER TABLE `tipo_membrecia`
  ADD PRIMARY KEY (`id_membrecia`);

--
-- Indices de la tabla `tipo_vehiculo`
--
ALTER TABLE `tipo_vehiculo`
  ADD PRIMARY KEY (`id_tp_vehiculo`);

--
-- Indices de la tabla `usuario`
--
ALTER TABLE `usuario`
  ADD PRIMARY KEY (`num_documento`,`pk_fk_id_tp_documento`),
  ADD KEY `pk_fk_id_tp_documentoPa` (`pk_fk_id_tp_documento`),
  ADD KEY `fk_id_generoPa` (`fk_id_genero`);

--
-- Indices de la tabla `vehiculo`
--
ALTER TABLE `vehiculo`
  ADD PRIMARY KEY (`placa`),
  ADD KEY `fk_id_num_tp_documento` (`fk_num_documento`,`fk_id_tp_documento`),
  ADD KEY `fk_id_tp_vehiculoPa` (`fk_id_tp_vehiculo`);

--
-- AUTO_INCREMENT de las tablas volcadas
--

--
-- AUTO_INCREMENT de la tabla `bloque`
--
ALTER TABLE `bloque`
  MODIFY `id_bloque` int(11) NOT NULL AUTO_INCREMENT;

--
-- AUTO_INCREMENT de la tabla `factura`
--
ALTER TABLE `factura`
  MODIFY `id_factura` int(11) NOT NULL AUTO_INCREMENT;

--
-- AUTO_INCREMENT de la tabla `genero`
--
ALTER TABLE `genero`
  MODIFY `id_genero` tinyint(3) NOT NULL AUTO_INCREMENT, AUTO_INCREMENT=4;

--
-- AUTO_INCREMENT de la tabla `log_error`
--
ALTER TABLE `log_error`
  MODIFY `id_error` int(11) NOT NULL AUTO_INCREMENT;

--
-- AUTO_INCREMENT de la tabla `membrecia`
--
ALTER TABLE `membrecia`
  MODIFY `id_membrecia` int(11) NOT NULL AUTO_INCREMENT;

--
-- AUTO_INCREMENT de la tabla `metodo_pago`
--
ALTER TABLE `metodo_pago`
  MODIFY `id_metodo_pago` int(11) NOT NULL AUTO_INCREMENT;

--
-- AUTO_INCREMENT de la tabla `notificaciones`
--
ALTER TABLE `notificaciones`
  MODIFY `id_notificacion` int(11) NOT NULL AUTO_INCREMENT;

--
-- AUTO_INCREMENT de la tabla `rol`
--
ALTER TABLE `rol`
  MODIFY `id_rol` tinyint(3) NOT NULL AUTO_INCREMENT, AUTO_INCREMENT=4;

--
-- AUTO_INCREMENT de la tabla `ticket`
--
ALTER TABLE `ticket`
  MODIFY `id_ticket` int(11) NOT NULL AUTO_INCREMENT;

--
-- AUTO_INCREMENT de la tabla `tipo_bloque`
--
ALTER TABLE `tipo_bloque`
  MODIFY `id_tp_bloque` int(11) NOT NULL AUTO_INCREMENT;

--
-- AUTO_INCREMENT de la tabla `tipo_documento`
--
ALTER TABLE `tipo_documento`
  MODIFY `id_tp_documento` tinyint(3) NOT NULL AUTO_INCREMENT, AUTO_INCREMENT=5;

--
-- AUTO_INCREMENT de la tabla `tipo_membrecia`
--
ALTER TABLE `tipo_membrecia`
  MODIFY `id_membrecia` int(11) NOT NULL AUTO_INCREMENT;

--
-- AUTO_INCREMENT de la tabla `tipo_vehiculo`
--
ALTER TABLE `tipo_vehiculo`
  MODIFY `id_tp_vehiculo` int(11) NOT NULL AUTO_INCREMENT, AUTO_INCREMENT=3;

--
-- Restricciones para tablas volcadas
--

--
-- Filtros para la tabla `bloque`
--
ALTER TABLE `bloque`
  ADD CONSTRAINT `fk_id_tp_bloquePar` FOREIGN KEY (`fk_id_tp_bloque`) REFERENCES `tipo_bloque` (`id_tp_bloque`) ON UPDATE CASCADE,
  ADD CONSTRAINT `fk_id_tp_vehiculoPar` FOREIGN KEY (`fk_id_tp_vehiculo`) REFERENCES `tipo_vehiculo` (`id_tp_vehiculo`) ON UPDATE CASCADE;

--
-- Filtros para la tabla `factura`
--
ALTER TABLE `factura`
  ADD CONSTRAINT `fk_id_membreciafa` FOREIGN KEY (`fk_id_membrecia`) REFERENCES `membrecia` (`id_membrecia`) ON UPDATE CASCADE,
  ADD CONSTRAINT `fk_id_metodo_pagopk` FOREIGN KEY (`fk_id_metodo_pago`) REFERENCES `metodo_pago` (`id_metodo_pago`) ON UPDATE CASCADE,
  ADD CONSTRAINT `fk_id_ticketFa` FOREIGN KEY (`fk_id_ticket`) REFERENCES `ticket` (`id_ticket`) ON UPDATE CASCADE,
  ADD CONSTRAINT `pk_fk_num_td_documetofa` FOREIGN KEY (`pk_fk_num_documento`,`pk_fk_id_tp_documento`) REFERENCES `usuario` (`num_documento`, `pk_fk_id_tp_documento`) ON UPDATE CASCADE;

--
-- Filtros para la tabla `membrecia`
--
ALTER TABLE `membrecia`
  ADD CONSTRAINT `fk_id_bloquePa` FOREIGN KEY (`fk_id_bloque`) REFERENCES `bloque` (`id_bloque`) ON UPDATE CASCADE,
  ADD CONSTRAINT `fk_id_membreciaPa` FOREIGN KEY (`fk_id_membrecia`) REFERENCES `tipo_membrecia` (`id_membrecia`) ON UPDATE CASCADE,
  ADD CONSTRAINT `fk_num_td_documentoPar` FOREIGN KEY (`fk_num_documento`,`fk_id_tp_documento`) REFERENCES `usuario` (`num_documento`, `pk_fk_id_tp_documento`) ON UPDATE CASCADE;

--
-- Filtros para la tabla `persona_rol`
--
ALTER TABLE `persona_rol`
  ADD CONSTRAINT `pk_fk_id_rolpr` FOREIGN KEY (`pk_fk_id_rol`) REFERENCES `rol` (`id_rol`) ON UPDATE CASCADE,
  ADD CONSTRAINT `pk_fk_num_td_documentopr` FOREIGN KEY (`pk_fk_num_documento`,`pk_fk_id_tp_documento`) REFERENCES `usuario` (`num_documento`, `pk_fk_id_tp_documento`) ON UPDATE CASCADE;

--
-- Filtros para la tabla `ticket`
--
ALTER TABLE `ticket`
  ADD CONSTRAINT `pk_fk_num_td_documento` FOREIGN KEY (`fk_num_documento`,`fk_id_tp_documento`) REFERENCES `usuario` (`num_documento`, `pk_fk_id_tp_documento`) ON UPDATE CASCADE;

--
-- Filtros para la tabla `ticket_bloque`
--
ALTER TABLE `ticket_bloque`
  ADD CONSTRAINT `pk_fk_id_bloquetb` FOREIGN KEY (`pk_fk_id_bloque`) REFERENCES `bloque` (`id_bloque`) ON UPDATE CASCADE,
  ADD CONSTRAINT `pk_fk_id_tickettb` FOREIGN KEY (`pk_fk_id_ticket`) REFERENCES `ticket` (`id_ticket`) ON UPDATE CASCADE;

--
-- Filtros para la tabla `usuario`
--
ALTER TABLE `usuario`
  ADD CONSTRAINT `fk_id_generoPa` FOREIGN KEY (`fk_id_genero`) REFERENCES `genero` (`id_genero`) ON UPDATE CASCADE,
  ADD CONSTRAINT `pk_fk_id_tp_documentoPa` FOREIGN KEY (`pk_fk_id_tp_documento`) REFERENCES `tipo_documento` (`id_tp_documento`) ON UPDATE CASCADE;

--
-- Filtros para la tabla `vehiculo`
--
ALTER TABLE `vehiculo`
  ADD CONSTRAINT `fk_id_num_tp_documento` FOREIGN KEY (`fk_num_documento`,`fk_id_tp_documento`) REFERENCES `usuario` (`num_documento`, `pk_fk_id_tp_documento`) ON UPDATE CASCADE,
  ADD CONSTRAINT `fk_id_tp_vehiculoPa` FOREIGN KEY (`fk_id_tp_vehiculo`) REFERENCES `tipo_vehiculo` (`id_tp_vehiculo`) ON UPDATE CASCADE;
COMMIT;

/*!40101 SET CHARACTER_SET_CLIENT=@OLD_CHARACTER_SET_CLIENT */;
/*!40101 SET CHARACTER_SET_RESULTS=@OLD_CHARACTER_SET_RESULTS */;
/*!40101 SET COLLATION_CONNECTION=@OLD_COLLATION_CONNECTION */;
